Unified_Table_ID,Legacy_Table_ID,Table_Code,Arabic_Name,Module,Purpose,PK,FKs,Core_Columns,Constraints_Indexes,Source_Status,P1_W1_Contract_ID,Disposition,Decision_Required,Notes
U-TBL-001,1,Companies,الشركات,ORG,الكيان القانوني الرئيسي,CompanyId,BaseCurrencyId->Currencies,Code varchar(30); ArabicName varchar(200); EnglishName varchar(200); LegalName varchar(250); TaxNo varchar(80); BaseCurrencyId bigint; Status tinyint; CreatedAt datetime,UQ(Code),LEGACY_REGISTERED,,RETAIN_AND_NORMALIZE,YES,السجل القديم محفوظ كما هو؛ أي تغيير لاحق يمر عبر إدارة التغيير وإصدار جديد.
U-TBL-002,2,Branches,الفروع,ORG,فروع الشركات,BranchId,CompanyId->Companies,"CompanyId bigint; Code varchar(30); ArabicName varchar(200); EnglishName varchar(200); TimeZone varchar(80); Latitude decimal(10,7); Longitude decimal(10,7); Status tinyint","UQ(CompanyId,Code)",LEGACY_REGISTERED,,RETAIN_AND_NORMALIZE,YES,السجل القديم محفوظ كما هو؛ أي تغيير لاحق يمر عبر إدارة التغيير وإصدار جديد.
U-TBL-003,3,ServicePoints,نقاط الخدمة والمحطات,ORG,محطات السفر ونقاط الخدمة والتشغيل,ServicePointId,"CompanyId,BranchId","Type varchar(30); Code varchar(30); NameAr varchar(200); NameEn varchar(200); Address varchar(500); Latitude decimal(10,7); Longitude decimal(10,7); Status tinyint","IDX(BranchId,Type,Status)",LEGACY_REGISTERED,,RETAIN_AND_NORMALIZE,NO,السجل القديم محفوظ كما هو؛ أي تغيير لاحق يمر عبر إدارة التغيير وإصدار جديد.
U-TBL-004,4,Hubs,المحاور,ORG,مراكز التجميع والتوزيع,HubId,BranchId,"Code varchar(30); NameAr varchar(200); Address varchar(500); CapacityWeight decimal(18,3); CapacityVolume decimal(18,3); Status tinyint","UQ(BranchId,Code)",LEGACY_REGISTERED,,RETAIN_AND_NORMALIZE,NO,السجل القديم محفوظ كما هو؛ أي تغيير لاحق يمر عبر إدارة التغيير وإصدار جديد.
U-TBL-005,5,ServiceAreas,مناطق الخدمة,ORG,مناطق تقديم الخدمات,ServiceAreaId,"CompanyId,BranchId",Name varchar(200); AreaType varchar(30); GeoJson longtext; Status tinyint,Spatial index where supported,LEGACY_REGISTERED,,RETAIN_AND_NORMALIZE,NO,السجل القديم محفوظ كما هو؛ أي تغيير لاحق يمر عبر إدارة التغيير وإصدار جديد.
U-TBL-006,6,ServiceTypes,أنواع الخدمات,ORG,تعريف Ride/Delivery/Transport/Travel,ServiceTypeId,-,Code varchar(30); NameAr varchar(200); NameEn varchar(200); Category varchar(30); PricingModel varchar(30); Status tinyint,UQ(Code),LEGACY_REGISTERED,,RETAIN_AND_NORMALIZE,NO,السجل القديم محفوظ كما هو؛ أي تغيير لاحق يمر عبر إدارة التغيير وإصدار جديد.
U-TBL-007,7,VehicleTypes,أنواع المركبات,FLT,تصنيف المركبات والسعات,VehicleTypeId,-,"Code varchar(30); NameAr varchar(200); WeightCapacity decimal(18,3); VolumeCapacity decimal(18,3); SeatCapacity int; Status tinyint",UQ(Code),LEGACY_REGISTERED,,RETAIN_AND_NORMALIZE,NO,السجل القديم محفوظ كما هو؛ أي تغيير لاحق يمر عبر إدارة التغيير وإصدار جديد.
U-TBL-008,8,Users,المستخدمون,PLT,حسابات الدخول,UserId,-,Username varchar(120); Mobile varchar(40); Email varchar(200); PasswordHash varchar(500); UserType varchar(30); Status tinyint; LastLoginAt datetime,UQ(Username); UQ(Mobile nullable),LEGACY_REGISTERED,,RETAIN_AND_NORMALIZE,YES,السجل القديم محفوظ كما هو؛ أي تغيير لاحق يمر عبر إدارة التغيير وإصدار جديد.
U-TBL-009,9,Roles,الأدوار,PLT,أدوار الصلاحيات,RoleId,-,Code varchar(80); NameAr varchar(200); NameEn varchar(200); Status tinyint,UQ(Code),LEGACY_REGISTERED,,RETAIN_AND_NORMALIZE,YES,السجل القديم محفوظ كما هو؛ أي تغيير لاحق يمر عبر إدارة التغيير وإصدار جديد.
U-TBL-010,10,Permissions,الصلاحيات,PLT,معجم صلاحيات الإجراءات,PermissionId,-,Code varchar(150); Module varchar(30); Action varchar(50); Description varchar(500),UQ(Code),LEGACY_REGISTERED,,RETAIN_AND_NORMALIZE,YES,السجل القديم محفوظ كما هو؛ أي تغيير لاحق يمر عبر إدارة التغيير وإصدار جديد.
U-TBL-011,11,UserRoles,أدوار المستخدم,PLT,ربط مستخدمين بأدوار,UserRoleId,"UserId,RoleId",UserId bigint; RoleId bigint; EffectiveFrom datetime; EffectiveTo datetime,"UQ(UserId,RoleId,EffectiveFrom)",LEGACY_REGISTERED,,RETAIN_AND_NORMALIZE,NO,السجل القديم محفوظ كما هو؛ أي تغيير لاحق يمر عبر إدارة التغيير وإصدار جديد.
U-TBL-012,12,RolePermissions,صلاحيات الدور,PLT,ربط الأدوار بالصلاحيات,RolePermissionId,"RoleId,PermissionId",RoleId bigint; PermissionId bigint; Allowed bit,"UQ(RoleId,PermissionId)",LEGACY_REGISTERED,,RETAIN_AND_NORMALIZE,NO,السجل القديم محفوظ كما هو؛ أي تغيير لاحق يمر عبر إدارة التغيير وإصدار جديد.
U-TBL-013,13,UserScopes,نطاق بيانات المستخدم,PLT,تقييد الشركة/الفرع/المحور/المسار,UserScopeId,UserId,UserId bigint; ScopeType varchar(30); ScopeId bigint; CanView bit; CanAct bit,"UQ(UserId,ScopeType,ScopeId)",LEGACY_REGISTERED,,RETAIN_AND_NORMALIZE,NO,السجل القديم محفوظ كما هو؛ أي تغيير لاحق يمر عبر إدارة التغيير وإصدار جديد.
U-TBL-014,14,AuditLogs,سجل التدقيق,PLT,سجل أحداث غير قابل للتعديل,AuditLogId,UserId,UserId bigint; Action varchar(100); EntityType varchar(100); EntityId varchar(100); CorrelationId varchar(100); IpAddress varchar(64); DeviceInfo varchar(500); CreatedAt datetime,"IDX(EntityType,EntityId,CreatedAt)",LEGACY_REGISTERED,,RETAIN_AND_NORMALIZE,NO,السجل القديم محفوظ كما هو؛ أي تغيير لاحق يمر عبر إدارة التغيير وإصدار جديد.
U-TBL-015,15,Parties,الأطراف,PTY,العملاء والشركات والموردون والوكلاء,PartyId,CompanyId,PartyType varchar(30); PartyNo varchar(40); NameAr varchar(250); NameEn varchar(250); Mobile varchar(40); Email varchar(200); TaxNo varchar(80); CurrencyId bigint; Status tinyint,"UQ(CompanyId,PartyNo)",LEGACY_REGISTERED,,RETAIN_AND_NORMALIZE,NO,السجل القديم محفوظ كما هو؛ أي تغيير لاحق يمر عبر إدارة التغيير وإصدار جديد.
U-TBL-016,16,PartyAddresses,عناوين الأطراف,PTY,العناوين المحفوظة,PartyAddressId,PartyId,"PartyId bigint; Label varchar(100); AddressText varchar(500); City varchar(120); Latitude decimal(10,7); Longitude decimal(10,7); Instructions varchar(500); IsDefault bit","IDX(PartyId,IsDefault)",LEGACY_REGISTERED,,RETAIN_AND_NORMALIZE,NO,السجل القديم محفوظ كما هو؛ أي تغيير لاحق يمر عبر إدارة التغيير وإصدار جديد.
U-TBL-017,17,Agents,الوكلاء,PTY,وكلاء السفر والبيع,AgentId,"PartyId,BranchId","PartyId bigint; BranchId bigint; CommissionPlanId bigint; CreditLimit decimal(18,2); Status tinyint",UQ(PartyId),LEGACY_REGISTERED,,RETAIN_AND_NORMALIZE,NO,السجل القديم محفوظ كما هو؛ أي تغيير لاحق يمر عبر إدارة التغيير وإصدار جديد.
U-TBL-018,18,RideOrders,طلبات المشاوير,RID,طلبات المشاوير,RideOrderId,"CustomerPartyId,ServiceTypeId","RideNo varchar(40); CustomerPartyId bigint; ServiceTypeId bigint; PickupAddressId bigint; DropoffAddressId bigint; RequestedAt datetime; ScheduledAt datetime; VehicleTypeId bigint; EstimatedFare decimal(18,2); FinalFare decimal(18,2); PaymentMethodId bigint; Status varchar(30)","UQ(RideNo); IDX(Status,ScheduledAt)",LEGACY_REGISTERED,,RETAIN_AND_NORMALIZE,NO,السجل القديم محفوظ كما هو؛ أي تغيير لاحق يمر عبر إدارة التغيير وإصدار جديد.
U-TBL-019,19,RideStops,توقفات المشوار,RID,نقاط المشوار,RideStopId,RideOrderId,"RideOrderId bigint; Seq int; StopType varchar(20); AddressText varchar(500); Latitude decimal(10,7); Longitude decimal(10,7); PlannedAt datetime; ActualAt datetime","UQ(RideOrderId,Seq)",LEGACY_REGISTERED,,RETAIN_AND_NORMALIZE,NO,السجل القديم محفوظ كما هو؛ أي تغيير لاحق يمر عبر إدارة التغيير وإصدار جديد.
U-TBL-020,20,RideAssignments,إسناد المشوار,RID,ربط المشوار بالسائق والمركبة,RideAssignmentId,"RideOrderId,DriverId,VehicleId",AssignedAt datetime; AcceptedAt datetime; RejectedAt datetime; AssignmentStatus varchar(30); Reason varchar(500),"IDX(DriverId,AssignmentStatus)",LEGACY_REGISTERED,,RETAIN_AND_NORMALIZE,NO,السجل القديم محفوظ كما هو؛ أي تغيير لاحق يمر عبر إدارة التغيير وإصدار جديد.
U-TBL-021,21,DeliveryOrders,طلبات التوصيل,LMD,رأس طلب التوصيل,DeliveryOrderId,"CustomerPartyId,ServiceTypeId","OrderNo varchar(40); CustomerPartyId bigint; ServiceTypeId bigint; PickupContactId bigint; DeliveryContactId bigint; PickupWindowFrom datetime; PickupWindowTo datetime; DeliveryWindowFrom datetime; DeliveryWindowTo datetime; CODAmount decimal(18,2); CurrencyId bigint; Status varchar(30)","UQ(OrderNo); IDX(Status,DeliveryWindowFrom)",LEGACY_REGISTERED,,RETAIN_AND_NORMALIZE,NO,السجل القديم محفوظ كما هو؛ أي تغيير لاحق يمر عبر إدارة التغيير وإصدار جديد.
U-TBL-022,22,DeliveryOrderItems,بنود طلب التوصيل,LMD,الأصناف/الطرود داخل الطلب,DeliveryOrderItemId,DeliveryOrderId,"DeliveryOrderId bigint; ItemName varchar(250); Qty decimal(18,3); Weight decimal(18,3); Volume decimal(18,3); Length decimal(18,3); Width decimal(18,3); Height decimal(18,3); Barcode varchar(100); DeclaredValue decimal(18,2); Fragile bit",IDX(DeliveryOrderId); UQ(Barcode nullable),LEGACY_REGISTERED,,RETAIN_AND_NORMALIZE,NO,السجل القديم محفوظ كما هو؛ أي تغيير لاحق يمر عبر إدارة التغيير وإصدار جديد.
U-TBL-023,23,DeliveryTasks,مهام التوصيل,LMD,مهام Pickup/Delivery,DeliveryTaskId,"DeliveryOrderId,RouteId,DriverId","TaskType varchar(20); Seq int; AddressText varchar(500); Latitude decimal(10,7); Longitude decimal(10,7); TimeWindowFrom datetime; TimeWindowTo datetime; ServiceTimeMinutes int; Status varchar(30)","IDX(RouteId,Seq); IDX(DriverId,Status)",LEGACY_REGISTERED,,RETAIN_AND_NORMALIZE,NO,السجل القديم محفوظ كما هو؛ أي تغيير لاحق يمر عبر إدارة التغيير وإصدار جديد.
U-TBL-024,24,Routes,المسارات,LMD,مسار تشغيل سائق/مركبة,RouteId,"HubId,DriverId,VehicleId",RouteNo varchar(40); RouteDate date; HubId bigint; DriverId bigint; VehicleId bigint; PlannedStart datetime; ActualStart datetime; PlannedEnd datetime; ActualEnd datetime; Status varchar(30),UQ(RouteNo),LEGACY_REGISTERED,,RETAIN_AND_NORMALIZE,NO,السجل القديم محفوظ كما هو؛ أي تغيير لاحق يمر عبر إدارة التغيير وإصدار جديد.
U-TBL-025,25,RouteStops,توقفات المسار,LMD,تسلسل التوقفات,RouteStopId,"RouteId,DeliveryTaskId",RouteId bigint; Seq int; DeliveryTaskId bigint; PlannedArrival datetime; EstimatedArrival datetime; ActualArrival datetime; ActualDeparture datetime; Status varchar(30),"UQ(RouteId,Seq)",LEGACY_REGISTERED,,RETAIN_AND_NORMALIZE,NO,السجل القديم محفوظ كما هو؛ أي تغيير لاحق يمر عبر إدارة التغيير وإصدار جديد.
U-TBL-026,26,ProofOfDelivery,إثبات التسليم,LMD,إثبات نتيجة المهمة,ProofOfDeliveryId,DeliveryTaskId,"DeliveryTaskId bigint; Result varchar(20); RecipientName varchar(200); RecipientIdNo varchar(100); SignatureFileId bigint; PhotoFileId bigint; BarcodeValue varchar(100); Latitude decimal(10,7); Longitude decimal(10,7); CompletedAt datetime; Notes varchar(1000)",UQ(DeliveryTaskId),LEGACY_REGISTERED,,RETAIN_AND_NORMALIZE,NO,السجل القديم محفوظ كما هو؛ أي تغيير لاحق يمر عبر إدارة التغيير وإصدار جديد.
U-TBL-027,27,DeliveryExceptions,استثناءات التوصيل,LMD,فشل/رفض/جزئي/إعادة محاولة,DeliveryExceptionId,DeliveryTaskId,"ExceptionType varchar(40); ReasonCode varchar(40); QtyRejected decimal(18,3); RescheduleAt datetime; ReturnRequired bit; Notes varchar(1000); CreatedAt datetime",IDX(DeliveryTaskId),LEGACY_REGISTERED,,RETAIN_AND_NORMALIZE,NO,السجل القديم محفوظ كما هو؛ أي تغيير لاحق يمر عبر إدارة التغيير وإصدار جديد.
U-TBL-028,28,TransportOrders,أوامر النقل,TRN,طلب نقل تشغيلي عام,TransportOrderId,"CustomerPartyId,ServiceTypeId","OrderNo varchar(40); TransportType varchar(30); OriginLocationId bigint; DestinationLocationId bigint; PickupFrom datetime; DeliveryBy datetime; TotalWeight decimal(18,3); TotalVolume decimal(18,3); Status varchar(30)",UQ(OrderNo),LEGACY_REGISTERED,,RETAIN_AND_NORMALIZE,NO,السجل القديم محفوظ كما هو؛ أي تغيير لاحق يمر عبر إدارة التغيير وإصدار جديد.
U-TBL-029,29,Waybills,البوالص,TRN,رأس البوليصة,WaybillId,"TransportOrderId,SenderPartyId,ReceiverPartyId","WaybillNo varchar(40); BookletNo varchar(40); TransportOrderId bigint; SenderPartyId bigint; ReceiverPartyId bigint; PayerType varchar(20); CurrencyId bigint; FreightAmount decimal(18,2); CollectedAmount decimal(18,2); OutstandingAmount decimal(18,2); OperationalStatus varchar(30); FinancialStatus varchar(30)",UQ(WaybillNo),LEGACY_REGISTERED,,RETAIN_AND_NORMALIZE,NO,السجل القديم محفوظ كما هو؛ أي تغيير لاحق يمر عبر إدارة التغيير وإصدار جديد.
U-TBL-030,30,WaybillItems,بنود البوليصة,TRN,أصناف/طرود البوليصة متعددة البنود,WaybillItemId,WaybillId,"WaybillId bigint; ItemName varchar(250); Qty decimal(18,3); Pieces int; UnitCode varchar(30); Barcode varchar(100); DeclaredWeight decimal(18,3); ActualWeight decimal(18,3); GrossWeight decimal(18,3); VolumetricWeight decimal(18,3); ChargeableWeight decimal(18,3); WeightUnit varchar(20); WeightSource varchar(30); Length decimal(18,3); Width decimal(18,3); Height decimal(18,3); Volume decimal(18,3); DeclaredValue decimal(18,2); Fragile bit; CustomsRequired bit; ItemStatus varchar(30)",IDX(WaybillId); IDX(Barcode),LEGACY_REGISTERED,,RETAIN_AND_NORMALIZE,NO,السجل القديم محفوظ كما هو؛ أي تغيير لاحق يمر عبر إدارة التغيير وإصدار جديد.
U-TBL-031,31,WaybillItemMeasurements,قياسات وأوزان أصناف البوليصة,TRN,حفظ قياسات/أوزان فعلية أو معاد قياسها مع مصدر القياس وتاريخه,WaybillItemMeasurementId,WaybillItemId,"WaybillItemId bigint; MeasurementType varchar(30); Weight decimal(18,3); WeightUnit varchar(20); Length decimal(18,3); Width decimal(18,3); Height decimal(18,3); Volume decimal(18,3); Source varchar(30); MeasuredAt datetime; MeasuredBy bigint; Notes varchar(500)","IDX(WaybillItemId,MeasuredAt)",LEGACY_REGISTERED,,RETAIN_AND_NORMALIZE,NO,السجل القديم محفوظ كما هو؛ أي تغيير لاحق يمر عبر إدارة التغيير وإصدار جديد.
U-TBL-032,32,WaybillLegs,مراحل البوليصة,TRN,المراحل بين الفروع والمدن,WaybillLegId,WaybillId,"WaybillId bigint; Seq int; FromLocationId bigint; ToLocationId bigint; PlannedTripId bigint; PlannedQty decimal(18,3); MovedQty decimal(18,3); DeliveredQty decimal(18,3); Status varchar(30)","UQ(WaybillId,Seq)",LEGACY_REGISTERED,,RETAIN_AND_NORMALIZE,NO,السجل القديم محفوظ كما هو؛ أي تغيير لاحق يمر عبر إدارة التغيير وإصدار جديد.
U-TBL-033,33,ShipmentSplits,تجزئة الشحنات,TRN,توزيع البنود على رحلات مختلفة,ShipmentSplitId,"WaybillItemId,FreightTripId","WaybillItemId bigint; FreightTripId bigint; Qty decimal(18,3); Pieces int; Weight decimal(18,3); Status varchar(30)","UQ(WaybillItemId,FreightTripId)",LEGACY_REGISTERED,,RETAIN_AND_NORMALIZE,NO,السجل القديم محفوظ كما هو؛ أي تغيير لاحق يمر عبر إدارة التغيير وإصدار جديد.
U-TBL-034,34,FreightTrips,رحلات الشحن,TRN,رأس رحلة النقل,FreightTripId,"VehicleId,DriverId",TripNo varchar(40); TransportMode varchar(20); VehicleId bigint; DriverId bigint; CoDriverId bigint; OriginLocationId bigint; DestinationLocationId bigint; PlannedDeparture datetime; ActualDeparture datetime; PlannedArrival datetime; ActualArrival datetime; Status varchar(30),UQ(TripNo),LEGACY_REGISTERED,,RETAIN_AND_NORMALIZE,NO,السجل القديم محفوظ كما هو؛ أي تغيير لاحق يمر عبر إدارة التغيير وإصدار جديد.
U-TBL-035,35,FreightManifests,مانيفست الشحن,TRN,قائمة حمولة الرحلة,FreightManifestId,FreightTripId,ManifestNo varchar(40); FreightTripId bigint; CreatedAt datetime; LoadConfirmedAt datetime; Status varchar(30),UQ(ManifestNo); UQ(FreightTripId),LEGACY_REGISTERED,,RETAIN_AND_NORMALIZE,NO,السجل القديم محفوظ كما هو؛ أي تغيير لاحق يمر عبر إدارة التغيير وإصدار جديد.
U-TBL-036,36,FreightManifestItems,بنود مانيفست الشحن,TRN,البوالص/الطرود ضمن الرحلة,FreightManifestItemId,"FreightManifestId,WaybillId,WaybillItemId","FreightManifestId bigint; WaybillId bigint; WaybillItemId bigint; Qty decimal(18,3); Pieces int; LoadStatus varchar(30); UnloadStatus varchar(30)",IDX(FreightManifestId),LEGACY_REGISTERED,,RETAIN_AND_NORMALIZE,NO,السجل القديم محفوظ كما هو؛ أي تغيير لاحق يمر عبر إدارة التغيير وإصدار جديد.
U-TBL-037,37,TripStops,توقفات رحلة الشحن,TRN,توقفات متعددة للتحميل/التفريغ,TripStopId,FreightTripId,FreightTripId bigint; Seq int; LocationId bigint; StopType varchar(20); PlannedArrival datetime; EstimatedArrival datetime; ActualArrival datetime; ActualDeparture datetime; Status varchar(30),"UQ(FreightTripId,Seq)",LEGACY_REGISTERED,,RETAIN_AND_NORMALIZE,NO,السجل القديم محفوظ كما هو؛ أي تغيير لاحق يمر عبر إدارة التغيير وإصدار جديد.
U-TBL-038,38,PassengerRoutes,خطوط السفر,TRV,تعريف خط السفر واتجاهه,PassengerRouteId,-,RouteCode varchar(30); NameAr varchar(200); NameEn varchar(200); OriginStationId bigint; DestinationStationId bigint; Status tinyint,UQ(RouteCode),LEGACY_REGISTERED,,RETAIN_AND_NORMALIZE,NO,السجل القديم محفوظ كما هو؛ أي تغيير لاحق يمر عبر إدارة التغيير وإصدار جديد.
U-TBL-039,39,PassengerRouteStops,محطات الخط,TRV,ترتيب المحطات,PassengerRouteStopId,"PassengerRouteId,ServicePointId","PassengerRouteId bigint; Seq int; ServicePointId bigint; DistanceKm decimal(18,3); PlannedTravelMinutes int","UQ(PassengerRouteId,Seq)",LEGACY_REGISTERED,,RETAIN_AND_NORMALIZE,NO,السجل القديم محفوظ كما هو؛ أي تغيير لاحق يمر عبر إدارة التغيير وإصدار جديد.
U-TBL-040,40,PassengerSchedules,الجداول الزمنية,TRV,جدول مبيعات وتشغيل متكرر,PassengerScheduleId,"PassengerRouteId,VehicleTypeId,SeatMapId",ScheduleCode varchar(40); PassengerRouteId bigint; DepartureTime time; ArrivalTime time; OperatingDays varchar(20); ValidFrom date; ValidTo date; VehicleTypeId bigint; SeatMapId bigint; Capacity int; DefaultManifestStatus varchar(20); Status tinyint,"IDX(PassengerRouteId,ValidFrom,ValidTo)",LEGACY_REGISTERED,,RETAIN_AND_NORMALIZE,NO,السجل القديم محفوظ كما هو؛ أي تغيير لاحق يمر عبر إدارة التغيير وإصدار جديد.
U-TBL-041,41,PassengerTrips,الرحلات الفعلية,TRV,رحلة بتاريخ محدد مشتقة من الجدول,PassengerTripId,"PassengerScheduleId,VehicleId,DriverId",TripNo varchar(40); PassengerScheduleId bigint; TripDate date; VehicleId bigint; DriverId bigint; CoDriverId bigint; PlannedDeparture datetime; ActualDeparture datetime; PlannedArrival datetime; ActualArrival datetime; ManifestStatus varchar(20); Status varchar(30),"UQ(TripNo); UQ(PassengerScheduleId,TripDate)",LEGACY_REGISTERED,,RETAIN_AND_NORMALIZE,NO,السجل القديم محفوظ كما هو؛ أي تغيير لاحق يمر عبر إدارة التغيير وإصدار جديد.
U-TBL-042,42,SeatMaps,مخططات المقاعد,TRV,تعريف مخطط المقاعد,SeatMapId,VehicleTypeId,Name varchar(200); VehicleTypeId bigint; VersionNo int; Capacity int; Status tinyint,"UQ(Name,VersionNo)",LEGACY_REGISTERED,,RETAIN_AND_NORMALIZE,NO,السجل القديم محفوظ كما هو؛ أي تغيير لاحق يمر عبر إدارة التغيير وإصدار جديد.
U-TBL-043,43,SeatMapSections,أقسام مخطط المقاعد,TRV,طابق/قسم/صالة,SeatMapSectionId,SeatMapId,SeatMapId bigint; Name varchar(100); Seq int; RowsCount int; ColumnsCount int,"UQ(SeatMapId,Seq)",LEGACY_REGISTERED,,RETAIN_AND_NORMALIZE,NO,السجل القديم محفوظ كما هو؛ أي تغيير لاحق يمر عبر إدارة التغيير وإصدار جديد.
U-TBL-044,44,Seats,المقاعد,TRV,المقاعد والمرافق/الحالة,SeatId,SeatMapSectionId,SeatMapSectionId bigint; SeatNo varchar(20); RowNo int; ColumnNo int; SeatClassId bigint; IsAccessible bit; IsBlocked bit; X int; Y int,"UQ(SeatMapSectionId,SeatNo)",LEGACY_REGISTERED,,RETAIN_AND_NORMALIZE,NO,السجل القديم محفوظ كما هو؛ أي تغيير لاحق يمر عبر إدارة التغيير وإصدار جديد.
U-TBL-045,45,Bookings,الحجوزات,TRV,حجز واحد أو عدة ركاب,BookingId,"CustomerPartyId,AgentId","BookingNo varchar(40); CustomerPartyId bigint; AgentId bigint; Channel varchar(20); BookedAt datetime; HoldExpiresAt datetime; CurrencyId bigint; TotalAmount decimal(18,2); PaymentStatus varchar(20); BookingStatus varchar(30)",UQ(BookingNo),LEGACY_REGISTERED,,RETAIN_AND_NORMALIZE,NO,السجل القديم محفوظ كما هو؛ أي تغيير لاحق يمر عبر إدارة التغيير وإصدار جديد.
U-TBL-046,46,BookingPassengers,مسافرو الحجز,TRV,بيانات كل مسافر,BookingPassengerId,BookingId,BookingId bigint; PassengerName varchar(250); Gender varchar(10); BirthDate date; IdType varchar(30); IdNo varchar(100); Mobile varchar(40); SSRNotes varchar(500),IDX(BookingId),LEGACY_REGISTERED,,RETAIN_AND_NORMALIZE,NO,السجل القديم محفوظ كما هو؛ أي تغيير لاحق يمر عبر إدارة التغيير وإصدار جديد.
U-TBL-047,47,Tickets,التذاكر,TRV,تذكرة المسافر,TicketId,"BookingId,BookingPassengerId,PassengerTripId,SeatId","TicketNo varchar(50); BookingId bigint; BookingPassengerId bigint; PassengerTripId bigint; OriginStationId bigint; DestinationStationId bigint; FareClassId bigint; SeatId bigint; QrToken varchar(200); Price decimal(18,2); TicketStatus varchar(30); IssuedAt datetime; RedeemedAt datetime",UQ(TicketNo); UQ(QrToken),LEGACY_REGISTERED,,RETAIN_AND_NORMALIZE,NO,السجل القديم محفوظ كما هو؛ أي تغيير لاحق يمر عبر إدارة التغيير وإصدار جديد.
U-TBL-048,48,SeatHolds,حجوزات المقاعد المؤقتة,TRV,منع بيع المقعد أثناء جلسة الحجز,SeatHoldId,"PassengerTripId,SeatId",PassengerTripId bigint; SeatId bigint; SessionId varchar(100); HeldAt datetime; ExpiresAt datetime; Status varchar(20),"UQ active(PassengerTripId,SeatId)",LEGACY_REGISTERED,,RETAIN_AND_NORMALIZE,NO,السجل القديم محفوظ كما هو؛ أي تغيير لاحق يمر عبر إدارة التغيير وإصدار جديد.
U-TBL-049,49,FareClasses,فئات التعرفة,TRV,فئة مرن/مقيد وغيره,FareClassId,-,"Code varchar(30); NameAr varchar(200); Refundable bit; Changeable bit; BaggageAllowance decimal(18,3); Status tinyint",UQ(Code),LEGACY_REGISTERED,,RETAIN_AND_NORMALIZE,NO,السجل القديم محفوظ كما هو؛ أي تغيير لاحق يمر عبر إدارة التغيير وإصدار جديد.
U-TBL-050,50,PassengerFares,تعرفة السفر,TRV,السعر بين O&D حسب الفئة/المنتج,PassengerFareId,"PassengerRouteId,FareClassId","PassengerRouteId bigint; OriginStationId bigint; DestinationStationId bigint; FareClassId bigint; SeatClassId bigint; CurrencyId bigint; Amount decimal(18,2); ValidFrom date; ValidTo date","IDX(Route,Origin,Destination,ValidFrom)",LEGACY_REGISTERED,,RETAIN_AND_NORMALIZE,NO,السجل القديم محفوظ كما هو؛ أي تغيير لاحق يمر عبر إدارة التغيير وإصدار جديد.
U-TBL-051,51,TicketMovements,حركات تغيير/نقل التذكرة,TRV,تغيير ومMove/Re-accommodation,TicketMovementId,"TicketId,FromTripId,ToTripId",MovementType varchar(30); FromTripId bigint; ToTripId bigint; FromSeatId bigint; ToSeatId bigint; Reason varchar(500); PerformedBy bigint; PerformedAt datetime,"IDX(TicketId,PerformedAt)",LEGACY_REGISTERED,,RETAIN_AND_NORMALIZE,NO,السجل القديم محفوظ كما هو؛ أي تغيير لاحق يمر عبر إدارة التغيير وإصدار جديد.
U-TBL-052,52,TicketRefunds,استردادات التذاكر,TRV,تفاصيل الاسترداد والرسوم,TicketRefundId,"TicketId,PaymentId","RefundNo varchar(40); TicketId bigint; GrossAmount decimal(18,2); FeeAmount decimal(18,2); PenaltyAmount decimal(18,2); RefundAmount decimal(18,2); RefundMethodId bigint; ReasonCode varchar(40); Status varchar(20); ProcessedAt datetime",UQ(RefundNo),LEGACY_REGISTERED,,RETAIN_AND_NORMALIZE,NO,السجل القديم محفوظ كما هو؛ أي تغيير لاحق يمر عبر إدارة التغيير وإصدار جديد.
U-TBL-053,53,PassengerManifests,مانيفست الركاب,TRV,مانيفست رحلة الركاب,PassengerManifestId,PassengerTripId,ManifestNo varchar(40); PassengerTripId bigint; SequenceNo varchar(40); Capacity int; ReservedCount int; RedeemedCount int; NoShowCount int; ManifestStatus varchar(20),UQ(PassengerTripId),LEGACY_REGISTERED,,RETAIN_AND_NORMALIZE,NO,السجل القديم محفوظ كما هو؛ أي تغيير لاحق يمر عبر إدارة التغيير وإصدار جديد.
U-TBL-054,54,PassengerManifestItems,بنود مانيفست الركاب,TRV,كل تذكرة/راكب على المانيفست,PassengerManifestItemId,"PassengerManifestId,TicketId",PassengerManifestId bigint; TicketId bigint; BoardingStationId bigint; AlightingStationId bigint; SeatNo varchar(20); CheckInStatus varchar(20); BoardedAt datetime; AlightedAt datetime,"UQ(PassengerManifestId,TicketId)",LEGACY_REGISTERED,,RETAIN_AND_NORMALIZE,NO,السجل القديم محفوظ كما هو؛ أي تغيير لاحق يمر عبر إدارة التغيير وإصدار جديد.
U-TBL-055,55,TicketSequences,دفاتر/تسلسلات التذاكر,TRV,عهد تسلسلات التذاكر اليدوية,TicketSequenceId,"UserId,ServicePointId",Series varchar(30); StartNo bigint; EndNo bigint; NextNo bigint; AssignedUserId bigint; ServicePointId bigint; AssignedAt datetime; Status varchar(20),"UQ(Series,StartNo,EndNo)",LEGACY_REGISTERED,,RETAIN_AND_NORMALIZE,NO,السجل القديم محفوظ كما هو؛ أي تغيير لاحق يمر عبر إدارة التغيير وإصدار جديد.
U-TBL-056,56,ManualTicketSales,المبيعات اليدوية,TRV,تسجيل تذاكر مباعة خارج النظام/داخل الحافلة,ManualTicketSaleId,"TicketSequenceId,PassengerTripId,UserId","TicketSequenceId bigint; PassengerTripId bigint; TicketNo varchar(50); Price decimal(18,2); CurrencyId bigint; SoldAt datetime; SaleType varchar(20); ShiftId bigint",UQ(TicketNo),LEGACY_REGISTERED,,RETAIN_AND_NORMALIZE,NO,السجل القديم محفوظ كما هو؛ أي تغيير لاحق يمر عبر إدارة التغيير وإصدار جديد.
U-TBL-057,57,TicketOfficeShifts,ورديات شباك التذاكر,TRV,وردية المستخدم في نقطة البيع,TicketOfficeShiftId,"UserId,ServicePointId","ShiftNo varchar(40); UserId bigint; ServicePointId bigint; OpenedAt datetime; ClosedAt datetime; OpeningFloat decimal(18,2); ExpectedCash decimal(18,2); DepositedCash decimal(18,2); Variance decimal(18,2); Status varchar(20)",UQ(ShiftNo),LEGACY_REGISTERED,,RETAIN_AND_NORMALIZE,NO,السجل القديم محفوظ كما هو؛ أي تغيير لاحق يمر عبر إدارة التغيير وإصدار جديد.
U-TBL-058,58,PassengerBaggage,أمتعة الركاب,TRV,الأمتعة والرسوم والملصقات,PassengerBaggageId,TicketId,"TicketId bigint; TagNo varchar(50); BaggageType varchar(30); Weight decimal(18,3); FeeAmount decimal(18,2); Status varchar(20)",UQ(TagNo),LEGACY_REGISTERED,,RETAIN_AND_NORMALIZE,NO,السجل القديم محفوظ كما هو؛ أي تغيير لاحق يمر عبر إدارة التغيير وإصدار جديد.
U-TBL-059,59,PassengerNotifications,إشعارات الركاب,TRV,إشعارات مرتبطة بالحجز والرحلة,PassengerNotificationId,"BookingId,PassengerTripId",NotificationType varchar(30); Channel varchar(20); Recipient varchar(200); TemplateId bigint; SentAt datetime; DeliveryStatus varchar(20),"IDX(PassengerTripId,SentAt)",LEGACY_REGISTERED,,RETAIN_AND_NORMALIZE,NO,السجل القديم محفوظ كما هو؛ أي تغيير لاحق يمر عبر إدارة التغيير وإصدار جديد.
U-TBL-060,60,Vehicles,المركبات,FLT,ملف المركبة,VehicleId,"VehicleTypeId,BranchId","PlateNo varchar(40); VehicleTypeId bigint; BranchId bigint; Make varchar(100); Model varchar(100); Year int; Vin varchar(100); WeightCapacity decimal(18,3); VolumeCapacity decimal(18,3); SeatCapacity int; Status varchar(20)",UQ(PlateNo); UQ(Vin nullable),LEGACY_REGISTERED,,RETAIN_AND_NORMALIZE,NO,السجل القديم محفوظ كما هو؛ أي تغيير لاحق يمر عبر إدارة التغيير وإصدار جديد.
U-TBL-061,61,Drivers,السائقون,FLT,ملف السائق,DriverId,"UserId,BranchId",UserId bigint; DriverNo varchar(40); Name varchar(250); Mobile varchar(40); LicenseNo varchar(100); LicenseExpiry date; DriverType varchar(20); Status varchar(20),UQ(DriverNo); UQ(LicenseNo),LEGACY_REGISTERED,,RETAIN_AND_NORMALIZE,NO,السجل القديم محفوظ كما هو؛ أي تغيير لاحق يمر عبر إدارة التغيير وإصدار جديد.
U-TBL-062,62,DriverVehicleAssignments,تعيين السائق للمركبة,FLT,ربط السائق والمركبة,DriverVehicleAssignmentId,"DriverId,VehicleId",DriverId bigint; VehicleId bigint; FromDate datetime; ToDate datetime; AssignmentType varchar(20); Status varchar(20),Prevent overlapping active assignments where required,LEGACY_REGISTERED,,RETAIN_AND_NORMALIZE,NO,السجل القديم محفوظ كما هو؛ أي تغيير لاحق يمر عبر إدارة التغيير وإصدار جديد.
U-TBL-063,63,VehicleInspections,فحوصات المركبة,MNT,نتيجة فحص دوري/قبل الرحلة,VehicleInspectionId,"VehicleId,DriverId","InspectionType varchar(30); VehicleId bigint; DriverId bigint; Odometer decimal(18,1); EngineHours decimal(18,1); Latitude decimal(10,7); Longitude decimal(10,7); Result varchar(20); SubmittedAt datetime","IDX(VehicleId,SubmittedAt)",LEGACY_REGISTERED,,RETAIN_AND_NORMALIZE,NO,السجل القديم محفوظ كما هو؛ أي تغيير لاحق يمر عبر إدارة التغيير وإصدار جديد.
U-TBL-064,64,MaintenanceRequests,طلبات الصيانة,MNT,طلب صيانة من عطل/فحص/تنبيه,MaintenanceRequestId,VehicleId,SourceType varchar(30); SourceId bigint; VehicleId bigint; Priority varchar(20); Reason varchar(500); RequestedAt datetime; Status varchar(20),"IDX(VehicleId,Status)",LEGACY_REGISTERED,,RETAIN_AND_NORMALIZE,NO,السجل القديم محفوظ كما هو؛ أي تغيير لاحق يمر عبر إدارة التغيير وإصدار جديد.
U-TBL-065,65,WorkOrders,أوامر العمل,MNT,أمر صيانة معتمد,WorkOrderId,"VehicleId,AssignedUserId","WorkOrderNo varchar(40); VehicleId bigint; Status varchar(20); Priority varchar(20); IssuedAt datetime; DueAt datetime; StartedAt datetime; CompletedAt datetime; StartOdometer decimal(18,1); CompletionOdometer decimal(18,1); RepairSiteId bigint; TotalCost decimal(18,2)",UQ(WorkOrderNo),LEGACY_REGISTERED,,RETAIN_AND_NORMALIZE,NO,السجل القديم محفوظ كما هو؛ أي تغيير لاحق يمر عبر إدارة التغيير وإصدار جديد.
U-TBL-066,66,MaintenanceJobs,مهام الصيانة,MNT,المهام داخل الأمر,MaintenanceJobId,WorkOrderId,"JobCode varchar(40); JobName varchar(250); Status varchar(20); LaborHours decimal(18,2); LaborCost decimal(18,2); PartsCost decimal(18,2); CompletedAt datetime","IDX(WorkOrderId,Status)",LEGACY_REGISTERED,,RETAIN_AND_NORMALIZE,NO,السجل القديم محفوظ كما هو؛ أي تغيير لاحق يمر عبر إدارة التغيير وإصدار جديد.
U-TBL-067,67,FuelEntries,قيود الوقود,MNT,تسجيل تعبئة الوقود,FuelEntryId,"VehicleId,DriverId","VehicleId bigint; DriverId bigint; FuelType varchar(20); Quantity decimal(18,3); UnitPrice decimal(18,4); TotalAmount decimal(18,2); Odometer decimal(18,1); StationName varchar(200); Latitude decimal(10,7); Longitude decimal(10,7); PhotoFileId bigint; FilledAt datetime","IDX(VehicleId,FilledAt)",LEGACY_REGISTERED,,RETAIN_AND_NORMALIZE,NO,السجل القديم محفوظ كما هو؛ أي تغيير لاحق يمر عبر إدارة التغيير وإصدار جديد.
U-TBL-068,68,GpsPositions,مواقع GPS,OPS,موقع دوري للمركبة/السائق,GpsPositionId,"VehicleId,DriverId","VehicleId bigint; DriverId bigint; Latitude decimal(10,7); Longitude decimal(10,7); Speed decimal(10,2); Heading decimal(10,2); Accuracy decimal(10,2); RecordedAt datetime; Source varchar(20)","IDX(VehicleId,RecordedAt)",LEGACY_REGISTERED,,RETAIN_AND_NORMALIZE,NO,السجل القديم محفوظ كما هو؛ أي تغيير لاحق يمر عبر إدارة التغيير وإصدار جديد.
U-TBL-069,69,TrackingEvents,أحداث التتبع,OPS,أحداث وصول/مغادرة/انحراف/توقف,TrackingEventId,"VehicleId,DriverId","EntityType varchar(30); EntityId bigint; EventType varchar(40); Latitude decimal(10,7); Longitude decimal(10,7); EventAt datetime; PayloadJson longtext","IDX(EntityType,EntityId,EventAt)",LEGACY_REGISTERED,,RETAIN_AND_NORMALIZE,NO,السجل القديم محفوظ كما هو؛ أي تغيير لاحق يمر عبر إدارة التغيير وإصدار جديد.
U-TBL-070,70,Geofences,السياج الجغرافي,OPS,حدود جغرافية,GeofenceId,"CompanyId,BranchId",Name varchar(200); GeofenceType varchar(30); GeoJson longtext; Status tinyint,Spatial index,LEGACY_REGISTERED,,RETAIN_AND_NORMALIZE,NO,السجل القديم محفوظ كما هو؛ أي تغيير لاحق يمر عبر إدارة التغيير وإصدار جديد.
U-TBL-071,71,Payments,المدفوعات,FIN,حركات الدفع,PaymentId,PartyId,"PaymentNo varchar(40); PartyId bigint; PaymentMethodId bigint; CurrencyId bigint; Amount decimal(18,2); PaymentDate datetime; Reference varchar(200); Status varchar(20)",UQ(PaymentNo),LEGACY_REGISTERED,,RETAIN_AND_NORMALIZE,NO,السجل القديم محفوظ كما هو؛ أي تغيير لاحق يمر عبر إدارة التغيير وإصدار جديد.
U-TBL-072,72,PaymentAllocations,تخصيصات المدفوعات,FIN,ربط دفعة بطلب/تذكرة/بوليصة,PaymentAllocationId,PaymentId,"PaymentId bigint; TargetType varchar(30); TargetId bigint; AllocatedAmount decimal(18,2); AllocatedAt datetime; UnallocatedAt datetime; Status varchar(20)","IDX(TargetType,TargetId)",LEGACY_REGISTERED,,RETAIN_AND_NORMALIZE,NO,السجل القديم محفوظ كما هو؛ أي تغيير لاحق يمر عبر إدارة التغيير وإصدار جديد.
U-TBL-073,73,CashCollections,التحصيلات النقدية,FIN,تحصيلات السائق/الموظف,CashCollectionId,"DriverId,PaymentId","CollectionNo varchar(40); DriverId bigint; SourceType varchar(30); SourceId bigint; CurrencyId bigint; Amount decimal(18,2); CollectedAt datetime; CustodyStatus varchar(20)",UQ(CollectionNo),LEGACY_REGISTERED,,RETAIN_AND_NORMALIZE,NO,السجل القديم محفوظ كما هو؛ أي تغيير لاحق يمر عبر إدارة التغيير وإصدار جديد.
U-TBL-074,74,DriverCustodies,عهد السائقين,FIN,رصيد عهدة السائق,DriverCustodyId,DriverId,"DriverId bigint; CurrencyId bigint; OpeningAmount decimal(18,2); CollectedAmount decimal(18,2); DepositedAmount decimal(18,2); OutstandingAmount decimal(18,2); LastUpdatedAt datetime","UQ(DriverId,CurrencyId)",LEGACY_REGISTERED,,RETAIN_AND_NORMALIZE,NO,السجل القديم محفوظ كما هو؛ أي تغيير لاحق يمر عبر إدارة التغيير وإصدار جديد.
U-TBL-075,75,DriverSettlements,تسويات السائقين,FIN,تسوية مالية دورية,DriverSettlementId,"DriverId,BranchId","SettlementNo varchar(40); DriverId bigint; BranchId bigint; FromDate datetime; ToDate datetime; GrossEarnings decimal(18,2); Deductions decimal(18,2); CustodyDue decimal(18,2); NetPayable decimal(18,2); Status varchar(20)",UQ(SettlementNo),LEGACY_REGISTERED,,RETAIN_AND_NORMALIZE,NO,السجل القديم محفوظ كما هو؛ أي تغيير لاحق يمر عبر إدارة التغيير وإصدار جديد.
U-TBL-076,76,DriverSettlementLines,بنود تسوية السائق,FIN,تفاصيل استحقاقات وتحويلات وخصومات السائق ضمن التسوية,DriverSettlementLineId,DriverSettlementId,"DriverSettlementId bigint; ReferenceType varchar(30); ReferenceId bigint; LineType varchar(30); Amount decimal(18,2); CurrencyId bigint; Notes varchar(500)","IDX(DriverSettlementId,LineType)",LEGACY_REGISTERED,,RETAIN_AND_NORMALIZE,NO,السجل القديم محفوظ كما هو؛ أي تغيير لاحق يمر عبر إدارة التغيير وإصدار جديد.
U-TBL-077,77,Refunds,الاستردادات العامة,FIN,استرداد خدمة/طلب/تذكرة,RefundId,PaymentId,"RefundNo varchar(40); SourceType varchar(30); SourceId bigint; PaymentId bigint; GrossAmount decimal(18,2); FeeAmount decimal(18,2); NetRefund decimal(18,2); ReasonCode varchar(40); Status varchar(20)",UQ(RefundNo),LEGACY_REGISTERED,,RETAIN_AND_NORMALIZE,NO,السجل القديم محفوظ كما هو؛ أي تغيير لاحق يمر عبر إدارة التغيير وإصدار جديد.
U-TBL-078,78,ApprovalRequests,طلبات الموافقة,PLT,مسار الموافقات,ApprovalRequestId,RequestedByUserId,EntityType varchar(30); EntityId bigint; WorkflowCode varchar(50); CurrentLevel int; Status varchar(20); RequestedAt datetime; CompletedAt datetime,"IDX(EntityType,EntityId)",LEGACY_REGISTERED,,RETAIN_AND_NORMALIZE,NO,السجل القديم محفوظ كما هو؛ أي تغيير لاحق يمر عبر إدارة التغيير وإصدار جديد.
U-TBL-079,79,Notifications,الإشعارات,PLT,الإشعارات العامة,NotificationId,-,Type varchar(30); Title varchar(250); Body longtext; ReferenceType varchar(30); ReferenceId bigint; Priority varchar(20); CreatedAt datetime,"IDX(ReferenceType,ReferenceId)",LEGACY_REGISTERED,,RETAIN_AND_NORMALIZE,NO,السجل القديم محفوظ كما هو؛ أي تغيير لاحق يمر عبر إدارة التغيير وإصدار جديد.
U-TBL-080,80,Files,الملفات والمرفقات,PLT,Metadata للمرفقات,FileId,UploadedByUserId,FileName varchar(300); ContentType varchar(100); StorageKey varchar(500); SizeBytes bigint; Sha256 varchar(64); UploadedAt datetime,IDX(Sha256),LEGACY_REGISTERED,,RETAIN_AND_NORMALIZE,NO,السجل القديم محفوظ كما هو؛ أي تغيير لاحق يمر عبر إدارة التغيير وإصدار جديد.
U-TBL-081,81,FiscalYears,السنوات المالية,ACC,السنوات المالية,FiscalYearId,CompanyId,CompanyId bigint; Code varchar(20); StartDate date; EndDate date; Status varchar(20),"UQ(CompanyId,Code)",LEGACY_REGISTERED,,RETAIN_AND_NORMALIZE,NO,السجل القديم محفوظ كما هو؛ أي تغيير لاحق يمر عبر إدارة التغيير وإصدار جديد.
U-TBL-082,82,FiscalPeriods,الفترات المالية,ACC,الفترات وحالات الإقفال,FiscalPeriodId,FiscalYearId,FiscalYearId bigint; PeriodNo int; Name varchar(80); StartDate date; EndDate date; GLStatus varchar(20); APStatus varchar(20); ARStatus varchar(20),"UQ(FiscalYearId,PeriodNo)",LEGACY_REGISTERED,,RETAIN_AND_NORMALIZE,NO,السجل القديم محفوظ كما هو؛ أي تغيير لاحق يمر عبر إدارة التغيير وإصدار جديد.
U-TBL-083,83,Currencies,العملات,ACC,معجم العملات العالمي,CurrencyId,-,ISOCode char(3); NameAr varchar(120); NameEn varchar(120); DecimalPlaces int; Status tinyint,UQ(ISOCode),LEGACY_REGISTERED,,RETAIN_AND_NORMALIZE,NO,السجل القديم محفوظ كما هو؛ أي تغيير لاحق يمر عبر إدارة التغيير وإصدار جديد.
U-TBL-084,84,ExchangeRates,أسعار الصرف,ACC,أسعار العملات الفعالة,ExchangeRateId,CurrencyId,"CurrencyId bigint; RateType varchar(30); EffectiveDate date; Rate decimal(24,10); ScopeType varchar(20); ScopeId bigint","UQ(CurrencyId,RateType,EffectiveDate,ScopeType,ScopeId)",LEGACY_REGISTERED,,RETAIN_AND_NORMALIZE,NO,السجل القديم محفوظ كما هو؛ أي تغيير لاحق يمر عبر إدارة التغيير وإصدار جديد.
U-TBL-085,85,ChartOfAccounts,دليل الحسابات,ACC,شجرة الحسابات,AccountId,"ParentAccountId,CurrencyId",Code varchar(50); NameAr varchar(250); NameEn varchar(250); ParentAccountId bigint; AccountType varchar(30); NormalSide varchar(10); IsPostable bit; CurrencyId bigint; Status tinyint,UQ(Code),LEGACY_REGISTERED,W1-P1-009,RETAIN_AND_NORMALIZE,NO,السجل القديم محفوظ كما هو؛ أي تغيير لاحق يمر عبر إدارة التغيير وإصدار جديد.
U-TBL-086,86,CostCenters,مراكز التكلفة,ACC,هيكل مراكز التكلفة,CostCenterId,"ParentCostCenterId,CompanyId",CompanyId bigint; Code varchar(40); NameAr varchar(200); ParentCostCenterId bigint; Status tinyint,"UQ(CompanyId,Code)",LEGACY_REGISTERED,,RETAIN_AND_NORMALIZE,NO,السجل القديم محفوظ كما هو؛ أي تغيير لاحق يمر عبر إدارة التغيير وإصدار جديد.
U-TBL-087,87,FinancialDimensions,الأبعاد المالية,ACC,الأبعاد والقيم المالية,DimensionValueId,CompanyId,CompanyId bigint; DimensionType varchar(40); Code varchar(40); NameAr varchar(200); Status tinyint,"UQ(CompanyId,DimensionType,Code)",LEGACY_REGISTERED,,RETAIN_AND_NORMALIZE,NO,السجل القديم محفوظ كما هو؛ أي تغيير لاحق يمر عبر إدارة التغيير وإصدار جديد.
U-TBL-088,88,JournalEntries,قيود اليومية,ACC,رأس القيد,JournalEntryId,"CompanyId,BranchId,FiscalPeriodId","EntryNo varchar(40); EntryDate date; SourceType varchar(50); SourceId bigint; CurrencyId bigint; Status varchar(20); TotalDebit decimal(18,2); TotalCredit decimal(18,2)","UQ(CompanyId,EntryNo)",LEGACY_REGISTERED,,RETAIN_AND_NORMALIZE,NO,السجل القديم محفوظ كما هو؛ أي تغيير لاحق يمر عبر إدارة التغيير وإصدار جديد.
U-TBL-089,89,JournalEntryLines,سطور القيد,ACC,تفاصيل القيد,JournalEntryLineId,"JournalEntryId,AccountId,CostCenterId","JournalEntryId bigint; LineNo int; AccountId bigint; CostCenterId bigint; Description varchar(500); Debit decimal(18,2); Credit decimal(18,2); CurrencyId bigint; ForeignAmount decimal(18,2); ExchangeRate decimal(24,10)","UQ(JournalEntryId,LineNo)",LEGACY_REGISTERED,,RETAIN_AND_NORMALIZE,NO,السجل القديم محفوظ كما هو؛ أي تغيير لاحق يمر عبر إدارة التغيير وإصدار جديد.
U-TBL-090,90,FinancialVouchers,السندات المالية,ACC,رأس سند قبض/صرف/تحويل,FinancialVoucherId,"CompanyId,BranchId,PartyId","VoucherType varchar(30); VoucherNo varchar(40); VoucherDate date; PartyId bigint; CashBankAccountId bigint; CurrencyId bigint; Amount decimal(18,2); Status varchar(20)","UQ(CompanyId,VoucherType,VoucherNo)",LEGACY_REGISTERED,,RETAIN_AND_NORMALIZE,NO,السجل القديم محفوظ كما هو؛ أي تغيير لاحق يمر عبر إدارة التغيير وإصدار جديد.
U-TBL-091,91,FinancialVoucherLines,سطور السند,ACC,توزيعات السند,FinancialVoucherLineId,"FinancialVoucherId,AccountId","FinancialVoucherId bigint; LineNo int; AccountId bigint; CostCenterId bigint; Amount decimal(18,2); Description varchar(500)","UQ(FinancialVoucherId,LineNo)",LEGACY_REGISTERED,,RETAIN_AND_NORMALIZE,NO,السجل القديم محفوظ كما هو؛ أي تغيير لاحق يمر عبر إدارة التغيير وإصدار جديد.
U-TBL-092,92,OpenItems,البنود المفتوحة,ACC,ذمم العملاء والموردين,OpenItemId,"PartyId,SourceDocumentId","PartyId bigint; PartyType varchar(20); SourceType varchar(30); SourceDocumentId bigint; DueDate date; CurrencyId bigint; OriginalAmount decimal(18,2); AllocatedAmount decimal(18,2); OutstandingAmount decimal(18,2); Status varchar(20)","IDX(PartyId,Status,DueDate)",LEGACY_REGISTERED,,RETAIN_AND_NORMALIZE,NO,السجل القديم محفوظ كما هو؛ أي تغيير لاحق يمر عبر إدارة التغيير وإصدار جديد.
U-TBL-093,93,BankAccounts,الحسابات البنكية,ACC,حسابات البنوك,BankAccountId,"CompanyId,AccountId,CurrencyId",BankName varchar(200); AccountNo varchar(100); IBAN varchar(100); AccountId bigint; CurrencyId bigint; ReconciliationMode varchar(20); Status tinyint,"UQ(CompanyId,AccountNo)",LEGACY_REGISTERED,,RETAIN_AND_NORMALIZE,NO,السجل القديم محفوظ كما هو؛ أي تغيير لاحق يمر عبر إدارة التغيير وإصدار جديد.
U-TBL-094,94,BankStatements,كشوف البنك,ACC,رأس كشف البنك,BankStatementId,BankAccountId,"BankAccountId bigint; StatementNo varchar(80); StatementDate date; OpeningBalance decimal(18,2); ClosingBalance decimal(18,2); ImportHash varchar(128); Status varchar(20)","UQ(BankAccountId,StatementNo)",LEGACY_REGISTERED,,RETAIN_AND_NORMALIZE,NO,السجل القديم محفوظ كما هو؛ أي تغيير لاحق يمر عبر إدارة التغيير وإصدار جديد.
U-TBL-095,95,BankStatementLines,سطور كشف البنك,ACC,حركات كشف البنك,BankStatementLineId,BankStatementId,"BankStatementId bigint; LineNo int; TxnDate date; Reference varchar(120); Description varchar(500); Debit decimal(18,2); Credit decimal(18,2); MatchStatus varchar(20)","UQ(BankStatementId,LineNo)",LEGACY_REGISTERED,,RETAIN_AND_NORMALIZE,NO,السجل القديم محفوظ كما هو؛ أي تغيير لاحق يمر عبر إدارة التغيير وإصدار جديد.
U-TBL-096,96,BankReconciliations,التسويات البنكية,ACC,دورة المطابقة البنكية,BankReconciliationId,"BankAccountId,BankStatementId","BankAccountId bigint; BankStatementId bigint; FromDate date; ToDate date; BookBalance decimal(18,2); StatementBalance decimal(18,2); Difference decimal(18,2); Status varchar(20)","IDX(BankAccountId,Status)",LEGACY_REGISTERED,,RETAIN_AND_NORMALIZE,NO,السجل القديم محفوظ كما هو؛ أي تغيير لاحق يمر عبر إدارة التغيير وإصدار جديد.
U-TBL-097,97,BankMatches,مطابقات البنك,ACC,ربط سطر البنك بالحركة الداخلية,BankMatchId,"BankReconciliationId,BankStatementLineId","BankStatementLineId bigint; InternalTransactionType varchar(30); InternalTransactionId bigint; MatchedAmount decimal(18,2); MatchType varchar(20); Status varchar(20)",IDX(BankStatementLineId),LEGACY_REGISTERED,,RETAIN_AND_NORMALIZE,NO,السجل القديم محفوظ كما هو؛ أي تغيير لاحق يمر عبر إدارة التغيير وإصدار جديد.
U-TBL-098,98,OpenItemAllocations,تخصيص البنود المفتوحة,ACC,ربط دفعة ببنود مفتوحة,OpenItemAllocationId,"PaymentId,OpenItemId","PaymentId bigint; OpenItemId bigint; AllocatedAmount decimal(18,2); CurrencyId bigint; AllocationDate datetime; ReversedAt datetime; Status varchar(20)","IDX(OpenItemId,Status)",LEGACY_REGISTERED,,RETAIN_AND_NORMALIZE,NO,السجل القديم محفوظ كما هو؛ أي تغيير لاحق يمر عبر إدارة التغيير وإصدار جديد.
U-TBL-099,99,Budgets,الموازنات,ACC,رأس الموازنة,BudgetId,"CompanyId,FiscalYearId",Code varchar(40); Name varchar(200); FiscalYearId bigint; VersionNo int; Status varchar(20),"UQ(CompanyId,Code,VersionNo)",LEGACY_REGISTERED,,RETAIN_AND_NORMALIZE,NO,السجل القديم محفوظ كما هو؛ أي تغيير لاحق يمر عبر إدارة التغيير وإصدار جديد.
U-TBL-100,100,BudgetLines,بنود الموازنة,ACC,مبالغ الموازنة حسب الحساب/البعد/الفترة,BudgetLineId,"BudgetId,AccountId,CostCenterId","BudgetId bigint; FiscalPeriodId bigint; AccountId bigint; CostCenterId bigint; Amount decimal(18,2); CurrencyId bigint","IDX(BudgetId,FiscalPeriodId)",LEGACY_REGISTERED,,RETAIN_AND_NORMALIZE,NO,السجل القديم محفوظ كما هو؛ أي تغيير لاحق يمر عبر إدارة التغيير وإصدار جديد.
U-TBL-101,101,FixedAssets,الأصول الثابتة,ACC,سجل الأصول,FixedAssetId,"CompanyId,AccountId","AssetNo varchar(40); Name varchar(250); AcquisitionDate date; AcquisitionCost decimal(18,2); UsefulLifeMonths int; DepreciationMethod varchar(30); LocationId bigint; Status varchar(20)","UQ(CompanyId,AssetNo)",LEGACY_REGISTERED,,RETAIN_AND_NORMALIZE,NO,السجل القديم محفوظ كما هو؛ أي تغيير لاحق يمر عبر إدارة التغيير وإصدار جديد.
U-TBL-102,102,AssetMovements,حركات الأصول,ACC,إهلاك/تحويل/استبعاد,AssetMovementId,FixedAssetId,"FixedAssetId bigint; MovementType varchar(30); MovementDate date; Amount decimal(18,2); FromLocationId bigint; ToLocationId bigint; JournalEntryId bigint; Status varchar(20)","IDX(FixedAssetId,MovementDate)",LEGACY_REGISTERED,,RETAIN_AND_NORMALIZE,NO,السجل القديم محفوظ كما هو؛ أي تغيير لاحق يمر عبر إدارة التغيير وإصدار جديد.
U-TBL-103,103,HSCodes,رموز HS,CUS,تصنيف السلع,HSCodeId,-,Code varchar(20); DescriptionAr varchar(500); DescriptionEn varchar(500); Unit varchar(30); RestrictionFlag bit; Status tinyint,UQ(Code),LEGACY_REGISTERED,,RETAIN_AND_NORMALIZE,NO,السجل القديم محفوظ كما هو؛ أي تغيير لاحق يمر عبر إدارة التغيير وإصدار جديد.
U-TBL-104,104,CustomsOffices,المكاتب الجمركية,CUS,المنافذ والمكاتب,CustomsOfficeId,ServicePointId,Code varchar(30); NameAr varchar(200); CountryCode char(2); OfficeType varchar(30); ServicePointId bigint; Status tinyint,"UQ(CountryCode,Code)",LEGACY_REGISTERED,,RETAIN_AND_NORMALIZE,NO,السجل القديم محفوظ كما هو؛ أي تغيير لاحق يمر عبر إدارة التغيير وإصدار جديد.
U-TBL-105,105,CustomsRegimes,الأنظمة الجمركية,CUS,أنواع الإجراءات,CustomsRegimeId,-,Code varchar(30); NameAr varchar(200); Direction varchar(20); Status tinyint,UQ(Code),LEGACY_REGISTERED,,RETAIN_AND_NORMALIZE,NO,السجل القديم محفوظ كما هو؛ أي تغيير لاحق يمر عبر إدارة التغيير وإصدار جديد.
U-TBL-106,106,CustomsClearanceFiles,ملفات التخليص,CUS,ملف التخليص,CustomsClearanceFileId,"PartyId,WaybillId",FileNo varchar(40); PartyId bigint; WaybillId bigint; CustomsOfficeId bigint; RegimeId bigint; OpenedAt datetime; DueDate datetime; Status varchar(30),UQ(FileNo),LEGACY_REGISTERED,,RETAIN_AND_NORMALIZE,NO,السجل القديم محفوظ كما هو؛ أي تغيير لاحق يمر عبر إدارة التغيير وإصدار جديد.
U-TBL-107,107,CustomsDeclarations,الإقرارات الجمركية,CUS,رأس الإقرار,CustomsDeclarationId,CustomsClearanceFileId,"DeclarationNo varchar(80); Direction varchar(20); SubmittedAt datetime; AcceptedAt datetime; ReleasedAt datetime; CurrencyId bigint; DeclaredValue decimal(18,2); Status varchar(30)",UQ(DeclarationNo),LEGACY_REGISTERED,,RETAIN_AND_NORMALIZE,NO,السجل القديم محفوظ كما هو؛ أي تغيير لاحق يمر عبر إدارة التغيير وإصدار جديد.
U-TBL-108,108,CustomsDeclarationLines,بنود الإقرار,CUS,سلع الإقرار,CustomsDeclarationLineId,"CustomsDeclarationId,HSCodeId","LineNo int; HSCodeId bigint; Description varchar(500); OriginCountry char(2); Qty decimal(18,3); UnitValue decimal(18,2); CustomsValue decimal(18,2); DutyAmount decimal(18,2); TaxAmount decimal(18,2)","UQ(CustomsDeclarationId,LineNo)",LEGACY_REGISTERED,,RETAIN_AND_NORMALIZE,NO,السجل القديم محفوظ كما هو؛ أي تغيير لاحق يمر عبر إدارة التغيير وإصدار جديد.
U-TBL-109,109,CustomsDocuments,مستندات الجمارك,CUS,Checklist والمرفقات,CustomsDocumentId,"CustomsClearanceFileId,FileId",DocumentType varchar(40); DocumentNo varchar(100); IssueDate date; ExpiryDate date; Required bit; Verified bit; Status varchar(20),"IDX(CustomsClearanceFileId,DocumentType)",LEGACY_REGISTERED,,RETAIN_AND_NORMALIZE,NO,السجل القديم محفوظ كما هو؛ أي تغيير لاحق يمر عبر إدارة التغيير وإصدار جديد.
U-TBL-110,110,CustomsCharges,رسوم الجمارك,CUS,الرسوم والضرائب والمصاريف,CustomsChargeId,CustomsClearanceFileId,"ChargeType varchar(40); Authority varchar(120); Amount decimal(18,2); CurrencyId bigint; DueDate date; PaymentStatus varchar(20)",IDX(CustomsClearanceFileId),LEGACY_REGISTERED,,RETAIN_AND_NORMALIZE,NO,السجل القديم محفوظ كما هو؛ أي تغيير لاحق يمر عبر إدارة التغيير وإصدار جديد.
U-TBL-111,111,CustomsInspections,معاينات الجمارك,CUS,المعاينة ونتيجتها,CustomsInspectionId,CustomsClearanceFileId,ScheduledAt datetime; Location varchar(250); Inspector varchar(200); Result varchar(30); Notes varchar(1000); CompletedAt datetime,IDX(CustomsClearanceFileId),LEGACY_REGISTERED,,RETAIN_AND_NORMALIZE,NO,السجل القديم محفوظ كما هو؛ أي تغيير لاحق يمر عبر إدارة التغيير وإصدار جديد.
U-TBL-112,112,CustomsPermits,تصاريح الجمارك,CUS,التصاريح والتراخيص,CustomsPermitId,CustomsClearanceFileId,PermitType varchar(50); PermitNo varchar(100); Authority varchar(200); IssueDate date; ExpiryDate date; Status varchar(20),IDX(CustomsClearanceFileId),LEGACY_REGISTERED,,RETAIN_AND_NORMALIZE,NO,السجل القديم محفوظ كما هو؛ أي تغيير لاحق يمر عبر إدارة التغيير وإصدار جديد.
U-TBL-113,113,CustomsStatusHistory,سجل حالة التخليص,CUS,الخط الزمني,CustomsStatusHistoryId,CustomsClearanceFileId,Status varchar(30); EventAt datetime; Source varchar(30); Reference varchar(100); Notes varchar(1000),"IDX(CustomsClearanceFileId,EventAt)",LEGACY_REGISTERED,,RETAIN_AND_NORMALIZE,NO,السجل القديم محفوظ كما هو؛ أي تغيير لاحق يمر عبر إدارة التغيير وإصدار جديد.
U-TBL-114,114,Employees,الموظفون,HR,ملف الموظف,EmployeeId,"UserId,CompanyId,BranchId",EmployeeNo varchar(40); UserId bigint; NameAr varchar(250); BirthDate date; NationalId varchar(100); HireDate date; DepartmentId bigint; PositionId bigint; ManagerEmployeeId bigint; Status varchar(20),"UQ(CompanyId,EmployeeNo)",LEGACY_REGISTERED,,RETAIN_AND_NORMALIZE,NO,السجل القديم محفوظ كما هو؛ أي تغيير لاحق يمر عبر إدارة التغيير وإصدار جديد.
U-TBL-115,115,Jobs,الوظائف,HR,معجم الوظائف,JobId,CompanyId,Code varchar(40); NameAr varchar(200); JobFamily varchar(100); Status tinyint,"UQ(CompanyId,Code)",LEGACY_REGISTERED,,RETAIN_AND_NORMALIZE,NO,السجل القديم محفوظ كما هو؛ أي تغيير لاحق يمر عبر إدارة التغيير وإصدار جديد.
U-TBL-116,116,Positions,المناصب,HR,مناصب الهيكل,PositionId,"JobId,BranchId",Code varchar(40); JobId bigint; DepartmentId bigint; BranchId bigint; Headcount int; Status tinyint,"UQ(BranchId,Code)",LEGACY_REGISTERED,,RETAIN_AND_NORMALIZE,NO,السجل القديم محفوظ كما هو؛ أي تغيير لاحق يمر عبر إدارة التغيير وإصدار جديد.
U-TBL-117,117,EmployeeContracts,عقود الموظفين,HR,عقد الموظف,EmployeeContractId,EmployeeId,"EmployeeId bigint; ContractType varchar(30); StartDate date; EndDate date; BaseSalary decimal(18,2); CurrencyId bigint; WorkingHours decimal(9,2); Status varchar(20)","IDX(EmployeeId,Status)",LEGACY_REGISTERED,,RETAIN_AND_NORMALIZE,NO,السجل القديم محفوظ كما هو؛ أي تغيير لاحق يمر عبر إدارة التغيير وإصدار جديد.
U-TBL-118,118,EmployeeDocuments,وثائق الموظف,HR,هوية/جواز/رخص/شهادات,EmployeeDocumentId,"EmployeeId,FileId",DocumentType varchar(40); DocumentNo varchar(100); IssueDate date; ExpiryDate date; Authority varchar(150); Status varchar(20),"IDX(EmployeeId,ExpiryDate)",LEGACY_REGISTERED,,RETAIN_AND_NORMALIZE,NO,السجل القديم محفوظ كما هو؛ أي تغيير لاحق يمر عبر إدارة التغيير وإصدار جديد.
U-TBL-119,119,Shifts,الورديات,HR,تعريف الوردية,ShiftId,CompanyId,Code varchar(30); Name varchar(120); StartTime time; EndTime time; BreakMinutes int; CrossMidnight bit; Status tinyint,"UQ(CompanyId,Code)",LEGACY_REGISTERED,,RETAIN_AND_NORMALIZE,NO,السجل القديم محفوظ كما هو؛ أي تغيير لاحق يمر عبر إدارة التغيير وإصدار جديد.
U-TBL-120,120,EmployeeSchedules,جداول الموظفين,HR,إسناد الوردية,EmployeeScheduleId,"EmployeeId,ShiftId",EmployeeId bigint; WorkDate date; ShiftId bigint; PlannedStart datetime; PlannedEnd datetime; Status varchar(20),"UQ(EmployeeId,WorkDate)",LEGACY_REGISTERED,,RETAIN_AND_NORMALIZE,NO,السجل القديم محفوظ كما هو؛ أي تغيير لاحق يمر عبر إدارة التغيير وإصدار جديد.
U-TBL-121,121,AttendanceEntries,حركات الحضور,HR,الحضور والانصراف,AttendanceEntryId,EmployeeId,"EmployeeId bigint; EventType varchar(20); EventAt datetime; Source varchar(20); DeviceId varchar(100); Latitude decimal(10,7); Longitude decimal(10,7); Status varchar(20)","IDX(EmployeeId,EventAt)",LEGACY_REGISTERED,,RETAIN_AND_NORMALIZE,NO,السجل القديم محفوظ كما هو؛ أي تغيير لاحق يمر عبر إدارة التغيير وإصدار جديد.
U-TBL-122,122,LeaveRequests,طلبات الإجازة,HR,طلبات الإجازات,LeaveRequestId,EmployeeId,"LeaveTypeId bigint; FromDate date; ToDate date; Days decimal(9,2); Reason varchar(500); ApprovalStatus varchar(20)","IDX(EmployeeId,FromDate)",LEGACY_REGISTERED,,RETAIN_AND_NORMALIZE,NO,السجل القديم محفوظ كما هو؛ أي تغيير لاحق يمر عبر إدارة التغيير وإصدار جديد.
U-TBL-123,123,PayrollElements,عناصر الرواتب,HR,بدلات/استقطاعات/حوافز,PayrollElementId,CompanyId,Code varchar(40); NameAr varchar(200); ElementType varchar(20); CalculationType varchar(30); Taxable bit; Status tinyint,"UQ(CompanyId,Code)",LEGACY_REGISTERED,,RETAIN_AND_NORMALIZE,NO,السجل القديم محفوظ كما هو؛ أي تغيير لاحق يمر عبر إدارة التغيير وإصدار جديد.
U-TBL-124,124,PayrollRuns,مسيرات الرواتب,HR,رأس دورة الراتب,PayrollRunId,"CompanyId,FiscalPeriodId",RunNo varchar(40); PeriodStart date; PeriodEnd date; PayDate date; CurrencyId bigint; Status varchar(20),"UQ(CompanyId,RunNo)",LEGACY_REGISTERED,,RETAIN_AND_NORMALIZE,NO,السجل القديم محفوظ كما هو؛ أي تغيير لاحق يمر عبر إدارة التغيير وإصدار جديد.
U-TBL-125,125,PayrollRunLines,تفاصيل مسير الرواتب,HR,نتيجة الموظف,PayrollRunLineId,"PayrollRunId,EmployeeId","EmployeeId bigint; GrossAmount decimal(18,2); Deductions decimal(18,2); NetAmount decimal(18,2); PaymentStatus varchar(20)","UQ(PayrollRunId,EmployeeId)",LEGACY_REGISTERED,,RETAIN_AND_NORMALIZE,NO,السجل القديم محفوظ كما هو؛ أي تغيير لاحق يمر عبر إدارة التغيير وإصدار جديد.
U-TBL-126,126,EmployeeLoans,سلف وقروض الموظف,HR,السلف وجدول الاستقطاع,EmployeeLoanId,EmployeeId,"LoanType varchar(30); Principal decimal(18,2); StartDate date; InstallmentAmount decimal(18,2); OutstandingAmount decimal(18,2); Status varchar(20)","IDX(EmployeeId,Status)",LEGACY_REGISTERED,,RETAIN_AND_NORMALIZE,NO,السجل القديم محفوظ كما هو؛ أي تغيير لاحق يمر عبر إدارة التغيير وإصدار جديد.
U-TBL-127,127,PerformanceReviews,تقييمات الأداء,HR,دورات التقييم,PerformanceReviewId,EmployeeId,"CycleCode varchar(40); ReviewerEmployeeId bigint; Score decimal(9,2); Rating varchar(30); Status varchar(20)","IDX(EmployeeId,CycleCode)",LEGACY_REGISTERED,,RETAIN_AND_NORMALIZE,NO,السجل القديم محفوظ كما هو؛ أي تغيير لاحق يمر عبر إدارة التغيير وإصدار جديد.
U-TBL-128,128,TrainingRecords,سجلات التدريب,HR,الدورات والشهادات,TrainingRecordId,EmployeeId,TrainingName varchar(250); Provider varchar(200); StartDate date; EndDate date; CertificateNo varchar(100); ExpiryDate date; Status varchar(20),"IDX(EmployeeId,ExpiryDate)",LEGACY_REGISTERED,,RETAIN_AND_NORMALIZE,NO,السجل القديم محفوظ كما هو؛ أي تغيير لاحق يمر عبر إدارة التغيير وإصدار جديد.
U-TBL-129,129,UserSessions,جلسات المستخدم,PLT,جلسات الدخول والأجهزة,UserSessionId,UserId,UserId bigint; TokenHash varchar(128); DeviceId varchar(120); StartedAt datetime; ExpiresAt datetime; RevokedAt datetime; Status varchar(20),"IDX(UserId,Status)",LEGACY_REGISTERED,,RETAIN_AND_NORMALIZE,NO,السجل القديم محفوظ كما هو؛ أي تغيير لاحق يمر عبر إدارة التغيير وإصدار جديد.
U-TBL-130,130,MfaChallenges,تحديات MFA,PLT,رموز/تحديات التحقق متعدد العوامل,MfaChallengeId,UserId,UserId bigint; Method varchar(20); ChallengeHash varchar(128); CreatedAt datetime; ExpiresAt datetime; VerifiedAt datetime; Attempts int; Status varchar(20),"IDX(UserId,Status)",LEGACY_REGISTERED,,RETAIN_AND_NORMALIZE,NO,السجل القديم محفوظ كما هو؛ أي تغيير لاحق يمر عبر إدارة التغيير وإصدار جديد.
U-TBL-131,131,TrustedDevices,الأجهزة الموثوقة,PLT,أجهزة موثوقة للمستخدم,TrustedDeviceId,UserId,UserId bigint; DeviceFingerprint varchar(200); DeviceName varchar(150); TrustedAt datetime; ExpiresAt datetime; RevokedAt datetime,"UQ(UserId,DeviceFingerprint)",LEGACY_REGISTERED,,RETAIN_AND_NORMALIZE,NO,السجل القديم محفوظ كما هو؛ أي تغيير لاحق يمر عبر إدارة التغيير وإصدار جديد.
U-TBL-132,132,UserContexts,سياقات المستخدم,PLT,آخر/سياق تشغيل شركة وفرع وسنة,UserContextId,"UserId,CompanyId,BranchId",UserId bigint; CompanyId bigint; BranchId bigint; FiscalYearId bigint; Language varchar(10); TimeZone varchar(80); IsDefault bit,"UQ(UserId,CompanyId,BranchId,FiscalYearId)",LEGACY_REGISTERED,,RETAIN_AND_NORMALIZE,NO,السجل القديم محفوظ كما هو؛ أي تغيير لاحق يمر عبر إدارة التغيير وإصدار جديد.
U-TBL-133,133,RoleScopes,نطاقات الدور,PLT,قيود نطاق الدور,RoleScopeId,RoleId,RoleId bigint; ScopeType varchar(30); ScopeId bigint; Allowed bit,"UQ(RoleId,ScopeType,ScopeId)",LEGACY_REGISTERED,,RETAIN_AND_NORMALIZE,NO,السجل القديم محفوظ كما هو؛ أي تغيير لاحق يمر عبر إدارة التغيير وإصدار جديد.
U-TBL-134,134,ApprovalSteps,خطوات الموافقة,PLT,تعريف مراحل الموافقات,ApprovalStepId,-,WorkflowCode varchar(80); StepNo int; RoleId bigint; MinApprovals int; ConditionJson longtext; Status tinyint,"UQ(WorkflowCode,StepNo)",LEGACY_REGISTERED,,RETAIN_AND_NORMALIZE,NO,السجل القديم محفوظ كما هو؛ أي تغيير لاحق يمر عبر إدارة التغيير وإصدار جديد.
U-TBL-135,135,ApprovalActions,إجراءات الموافقة,PLT,سجل الموافقة/الرفض,ApprovalActionId,"ApprovalStepId,UserId",EntityType varchar(80); EntityId bigint; StepNo int; Action varchar(20); Reason varchar(500); ActionAt datetime,"IDX(EntityType,EntityId,ActionAt)",LEGACY_REGISTERED,,RETAIN_AND_NORMALIZE,NO,السجل القديم محفوظ كما هو؛ أي تغيير لاحق يمر عبر إدارة التغيير وإصدار جديد.
U-TBL-136,136,NotificationDeliveries,تسليم الإشعارات,PLT,حالة تسليم الإشعار حسب القناة,NotificationDeliveryId,"NotificationId,UserId",Channel varchar(20); Destination varchar(200); SentAt datetime; DeliveredAt datetime; ReadAt datetime; FailureReason varchar(500); Status varchar(20),"IDX(NotificationId,Status)",LEGACY_REGISTERED,,RETAIN_AND_NORMALIZE,NO,السجل القديم محفوظ كما هو؛ أي تغيير لاحق يمر عبر إدارة التغيير وإصدار جديد.
U-TBL-137,137,AuditChanges,تفاصيل تغييرات التدقيق,PLT,قيم قبل/بعد للحقول,AuditChangeId,AuditLogId,AuditLogId bigint; FieldName varchar(120); OldValue longtext; NewValue longtext,IDX(AuditLogId),LEGACY_REGISTERED,,RETAIN_AND_NORMALIZE,NO,السجل القديم محفوظ كما هو؛ أي تغيير لاحق يمر عبر إدارة التغيير وإصدار جديد.
U-TBL-138,138,OperationalSettings,إعدادات التشغيل,ORG,إعدادات scoped قابلة للتوسعة,OperationalSettingId,"CompanyId,BranchId,UserId",SettingKey varchar(120); ScopeType varchar(20); ScopeId bigint; ValueJson longtext; EffectiveFrom datetime; EffectiveTo datetime,"UQ(SettingKey,ScopeType,ScopeId,EffectiveFrom)",LEGACY_REGISTERED,,RETAIN_AND_NORMALIZE,NO,السجل القديم محفوظ كما هو؛ أي تغيير لاحق يمر عبر إدارة التغيير وإصدار جديد.
U-TBL-139,139,PartyContacts,جهات اتصال الطرف,PTY,أشخاص الاتصال والهواتف,PartyContactId,PartyId,PartyId bigint; Name varchar(200); Role varchar(100); Mobile varchar(40); Email varchar(200); IsPrimary bit; Status tinyint,"IDX(PartyId,IsPrimary)",LEGACY_REGISTERED,,RETAIN_AND_NORMALIZE,NO,السجل القديم محفوظ كما هو؛ أي تغيير لاحق يمر عبر إدارة التغيير وإصدار جديد.
U-TBL-140,140,PricingRules,قواعد التسعير,PRC,قواعد التسعير حسب الخدمة/النطاق,PricingRuleId,ServiceTypeId,ServiceTypeId bigint; RuleType varchar(30); ScopeType varchar(30); ScopeId bigint; FormulaJson longtext; ValidFrom datetime; ValidTo datetime; Status tinyint,"IDX(ServiceTypeId,Status)",LEGACY_REGISTERED,,RETAIN_AND_NORMALIZE,NO,السجل القديم محفوظ كما هو؛ أي تغيير لاحق يمر عبر إدارة التغيير وإصدار جديد.
U-TBL-141,141,PricingTiers,شرائح التسعير,PRC,شرائح وزن/مسافة/وقت,PricingTierId,PricingRuleId,"PricingRuleId bigint; FromValue decimal(18,3); ToValue decimal(18,3); Rate decimal(18,4); FixedAmount decimal(18,2); Seq int","UQ(PricingRuleId,Seq)",LEGACY_REGISTERED,,RETAIN_AND_NORMALIZE,NO,السجل القديم محفوظ كما هو؛ أي تغيير لاحق يمر عبر إدارة التغيير وإصدار جديد.
U-TBL-142,142,Promotions,العروض والخصومات,PRC,عروض ترويجية وكوبونات,PromotionId,CompanyId,"Code varchar(50); Name varchar(200); DiscountType varchar(20); DiscountValue decimal(18,2); ValidFrom datetime; ValidTo datetime; UsageLimit int; Status tinyint","UQ(CompanyId,Code)",LEGACY_REGISTERED,,RETAIN_AND_NORMALIZE,NO,السجل القديم محفوظ كما هو؛ أي تغيير لاحق يمر عبر إدارة التغيير وإصدار جديد.
U-TBL-143,143,RideEvents,أحداث المشوار,RID,خط زمني للمشوار,RideEventId,RideOrderId,"RideOrderId bigint; EventType varchar(40); EventAt datetime; DriverId bigint; Latitude decimal(10,7); Longitude decimal(10,7); Notes varchar(500)","IDX(RideOrderId,EventAt)",LEGACY_REGISTERED,,RETAIN_AND_NORMALIZE,NO,السجل القديم محفوظ كما هو؛ أي تغيير لاحق يمر عبر إدارة التغيير وإصدار جديد.
U-TBL-144,144,RideFareEstimates,تقديرات أجرة المشوار,RID,تفاصيل التسعير التقديري/النهائي,RideFareEstimateId,RideOrderId,"RideOrderId bigint; BaseFare decimal(18,2); DistanceFare decimal(18,2); TimeFare decimal(18,2); Surcharge decimal(18,2); Discount decimal(18,2); Tax decimal(18,2); Total decimal(18,2); CalculatedAt datetime",IDX(RideOrderId),LEGACY_REGISTERED,,RETAIN_AND_NORMALIZE,NO,السجل القديم محفوظ كما هو؛ أي تغيير لاحق يمر عبر إدارة التغيير وإصدار جديد.
U-TBL-145,145,RoutePlans,خطط المسارات,LMD,دفعات التخطيط والتحسين,RoutePlanId,HubId,PlanDate date; HubId bigint; OptimizationMode varchar(30); CreatedAt datetime; CreatedBy bigint; Status varchar(20); SolverReference varchar(120),"IDX(PlanDate,HubId,Status)",LEGACY_REGISTERED,,RETAIN_AND_NORMALIZE,NO,السجل القديم محفوظ كما هو؛ أي تغيير لاحق يمر عبر إدارة التغيير وإصدار جديد.
U-TBL-146,146,VehicleDocuments,وثائق المركبة,FLT,استمارة/تأمين/فحص وتصاريح,VehicleDocumentId,"VehicleId,FileId",VehicleId bigint; DocumentType varchar(40); DocumentNo varchar(100); IssueDate date; ExpiryDate date; Status varchar(20),"IDX(VehicleId,ExpiryDate)",LEGACY_REGISTERED,,RETAIN_AND_NORMALIZE,NO,السجل القديم محفوظ كما هو؛ أي تغيير لاحق يمر عبر إدارة التغيير وإصدار جديد.
U-TBL-147,147,DriverDocuments,وثائق السائق,FLT,رخص وهوية وشهادات,DriverDocumentId,"DriverId,FileId",DriverId bigint; DocumentType varchar(40); DocumentNo varchar(100); IssueDate date; ExpiryDate date; Status varchar(20),"IDX(DriverId,ExpiryDate)",LEGACY_REGISTERED,,RETAIN_AND_NORMALIZE,NO,السجل القديم محفوظ كما هو؛ أي تغيير لاحق يمر عبر إدارة التغيير وإصدار جديد.
U-TBL-148,148,VehicleMeters,عدادات المركبة,FLT,قراءات كيلومتر/ساعات,VehicleMeterId,VehicleId,"VehicleId bigint; MeterType varchar(20); Reading decimal(18,3); ReadingAt datetime; Source varchar(20); DriverId bigint","IDX(VehicleId,ReadingAt)",LEGACY_REGISTERED,,RETAIN_AND_NORMALIZE,NO,السجل القديم محفوظ كما هو؛ أي تغيير لاحق يمر عبر إدارة التغيير وإصدار جديد.
U-TBL-149,149,MaintenanceSchedules,خطط الصيانة الوقائية,MNT,قواعد الصيانة حسب الزمن/العداد,MaintenanceScheduleId,VehicleTypeId,"Name varchar(200); VehicleTypeId bigint; IntervalKm decimal(18,3); IntervalDays int; JobTemplateJson longtext; Status tinyint","IDX(VehicleTypeId,Status)",LEGACY_REGISTERED,,RETAIN_AND_NORMALIZE,NO,السجل القديم محفوظ كما هو؛ أي تغيير لاحق يمر عبر إدارة التغيير وإصدار جديد.
U-TBL-150,150,Parts,قطع الغيار,MNT,معجم قطع الغيار,PartId,-,"PartNo varchar(80); NameAr varchar(250); NameEn varchar(250); Unit varchar(30); StandardCost decimal(18,2); Status tinyint",UQ(PartNo),LEGACY_REGISTERED,,RETAIN_AND_NORMALIZE,NO,السجل القديم محفوظ كما هو؛ أي تغيير لاحق يمر عبر إدارة التغيير وإصدار جديد.
U-TBL-151,151,WorkOrderParts,قطع أمر العمل,MNT,قطع مستخدمة في أمر الصيانة,WorkOrderPartId,"WorkOrderId,PartId","WorkOrderId bigint; PartId bigint; Qty decimal(18,3); UnitCost decimal(18,2); WarrantyFlag bit",IDX(WorkOrderId),LEGACY_REGISTERED,,RETAIN_AND_NORMALIZE,NO,السجل القديم محفوظ كما هو؛ أي تغيير لاحق يمر عبر إدارة التغيير وإصدار جديد.
U-TBL-152,152,GeofenceEvents,أحداث السياج الجغرافي,OPS,دخول/خروج geofence,GeofenceEventId,"GeofenceId,VehicleId,DriverId","EventType varchar(20); EventAt datetime; Latitude decimal(10,7); Longitude decimal(10,7); TripId bigint","IDX(GeofenceId,EventAt)",LEGACY_REGISTERED,,RETAIN_AND_NORMALIZE,NO,السجل القديم محفوظ كما هو؛ أي تغيير لاحق يمر عبر إدارة التغيير وإصدار جديد.
U-TBL-153,153,OperationalAlerts,التنبيهات التشغيلية,OPS,تنبيهات تأخير/انحراف/سرعة/مستندات,OperationalAlertId,-,AlertType varchar(40); Severity varchar(20); EntityType varchar(40); EntityId bigint; RaisedAt datetime; AcknowledgedAt datetime; ResolvedAt datetime; Status varchar(20),"IDX(Status,Severity,RaisedAt)",LEGACY_REGISTERED,,RETAIN_AND_NORMALIZE,NO,السجل القديم محفوظ كما هو؛ أي تغيير لاحق يمر عبر إدارة التغيير وإصدار جديد.
U-TBL-154,154,HubReceipts,استلام المحور,WHS,استلام شحنات وطرود بالمحور,HubReceiptId,HubId,ReceiptNo varchar(40); HubId bigint; SourceType varchar(30); SourceId bigint; ReceivedAt datetime; ReceivedBy bigint; Status varchar(20),UQ(ReceiptNo),LEGACY_REGISTERED,,RETAIN_AND_NORMALIZE,NO,السجل القديم محفوظ كما هو؛ أي تغيير لاحق يمر عبر إدارة التغيير وإصدار جديد.
U-TBL-155,155,PackageHandlingEvents,أحداث مناولة الطرود,WHS,فرز/تحميل/تفريغ/نقل داخلي,PackageHandlingEventId,HubId,PackageRef varchar(100); EventType varchar(30); HubId bigint; LocationCode varchar(60); EventAt datetime; UserId bigint; RouteId bigint; TripId bigint,"IDX(PackageRef,EventAt)",LEGACY_REGISTERED,,RETAIN_AND_NORMALIZE,NO,السجل القديم محفوظ كما هو؛ أي تغيير لاحق يمر عبر إدارة التغيير وإصدار جديد.
U-TBL-156,156,StagingLocations,مواقع التجهيز,WHS,مناطق/رفوف staging,StagingLocationId,HubId,HubId bigint; Code varchar(50); Name varchar(120); LocationType varchar(30); Capacity int; Status tinyint,"UQ(HubId,Code)",LEGACY_REGISTERED,,RETAIN_AND_NORMALIZE,NO,السجل القديم محفوظ كما هو؛ أي تغيير لاحق يمر عبر إدارة التغيير وإصدار جديد.
U-TBL-157,157,LoadSessions,جلسات التحميل,WHS,جلسة تحميل مركبة/رحلة,LoadSessionId,"HubId,VehicleId",SessionNo varchar(40); HubId bigint; VehicleId bigint; RouteId bigint; TripId bigint; StartedAt datetime; CompletedAt datetime; Status varchar(20),UQ(SessionNo),LEGACY_REGISTERED,,RETAIN_AND_NORMALIZE,NO,السجل القديم محفوظ كما هو؛ أي تغيير لاحق يمر عبر إدارة التغيير وإصدار جديد.
U-TBL-158,158,LoadSessionItems,بنود جلسة التحميل,WHS,العناصر الممسوحة في التحميل,LoadSessionItemId,LoadSessionId,LoadSessionId bigint; PackageRef varchar(100); ScannedAt datetime; ScanResult varchar(20); ExceptionReason varchar(500),"UQ(LoadSessionId,PackageRef)",LEGACY_REGISTERED,,RETAIN_AND_NORMALIZE,NO,السجل القديم محفوظ كما هو؛ أي تغيير لاحق يمر عبر إدارة التغيير وإصدار جديد.
U-TBL-159,159,AgentSettlements,تسويات الوكلاء,FIN,تسوية مبيعات/عمولات الوكلاء,AgentSettlementId,AgentId,"SettlementNo varchar(40); AgentId bigint; FromDate date; ToDate date; GrossSales decimal(18,2); Commission decimal(18,2); NetDue decimal(18,2); Status varchar(20)",UQ(SettlementNo),LEGACY_REGISTERED,,RETAIN_AND_NORMALIZE,NO,السجل القديم محفوظ كما هو؛ أي تغيير لاحق يمر عبر إدارة التغيير وإصدار جديد.
U-TBL-160,160,CommissionRules,قواعد العمولات,FIN,قواعد عمولات النقل والتوصيل حسب المستفيد والحدث وطريقة وأساس الحساب,CommissionRuleId,"ServiceTypeId,CurrencyId","RuleCode varchar(60); ServiceTypeId bigint; TransportType varchar(30); BeneficiaryType varchar(30); CalculationMethod varchar(30); CalculationBase varchar(30); TriggerEvent varchar(30); PercentageRate decimal(9,6); FixedAmount decimal(18,2); UnitRate decimal(18,6); CurrencyId bigint; MinAmount decimal(18,2); MaxAmount decimal(18,2); EffectiveFrom datetime; EffectiveTo datetime; Status varchar(20)","UQ(RuleCode,EffectiveFrom); IDX(ServiceTypeId,BeneficiaryType,TriggerEvent,Status)",LEGACY_REGISTERED,,RETAIN_AND_NORMALIZE,NO,السجل القديم محفوظ كما هو؛ أي تغيير لاحق يمر عبر إدارة التغيير وإصدار جديد.
U-TBL-161,161,CommissionRuleScopes,نطاقات قواعد العمولات,FIN,تقييد قاعدة العمولة بفرع/مكتب/مندوب/نوع مركبة/مسار أو نطاق آخر,CommissionRuleScopeId,CommissionRuleId,CommissionRuleId bigint; ScopeType varchar(30); ScopeId bigint; Priority int; Status tinyint,"UQ(CommissionRuleId,ScopeType,ScopeId)",LEGACY_REGISTERED,,RETAIN_AND_NORMALIZE,NO,السجل القديم محفوظ كما هو؛ أي تغيير لاحق يمر عبر إدارة التغيير وإصدار جديد.
U-TBL-162,162,CommissionAccruals,استحقاقات العمولات,FIN,نتائج احتساب العمولة التاريخية المرتبطة بالرحلة/البوليصة/الصنف والمستفيد,CommissionAccrualId,"CommissionRuleId,FreightTripId,WaybillId,WaybillItemId","CommissionRuleId bigint; FreightTripId bigint; WaybillId bigint; WaybillItemId bigint; ManifestItemId bigint; BeneficiaryType varchar(30); BeneficiaryId bigint; TriggerEvent varchar(30); BaseAmount decimal(18,2); BaseWeight decimal(18,3); BaseDistance decimal(18,3); BasePieces decimal(18,3); RateSnapshot decimal(18,6); FixedAmountSnapshot decimal(18,2); CalculatedAmount decimal(18,2); CurrencyId bigint; RuleSnapshotJson longtext; Status varchar(20); CalculatedAt datetime; ApprovedAt datetime","IDX(FreightTripId,BeneficiaryType,BeneficiaryId,Status); IDX(WaybillId,WaybillItemId)",LEGACY_REGISTERED,,RETAIN_AND_NORMALIZE,NO,السجل القديم محفوظ كما هو؛ أي تغيير لاحق يمر عبر إدارة التغيير وإصدار جديد.
U-TBL-163,163,TripSettlements,تسويات الرحلات,FIN,رأس تسوية الرحلة وربط الإيراد والتكاليف ومستحقات السائق والمركبة/الناقل والمكتب والمندوب,TripSettlementId,FreightTripId,"SettlementNo varchar(40); FreightTripId bigint; AllocatedRevenue decimal(18,2); MovedWeight decimal(18,3); DistanceKm decimal(18,3); DriverEarnings decimal(18,2); VehicleCarrierEarnings decimal(18,2); OfficeRepresentativeCommissions decimal(18,2); FuelCost decimal(18,2); TollCost decimal(18,2); OtherCost decimal(18,2); NetResult decimal(18,2); CurrencyId bigint; Status varchar(20); CalculatedAt datetime; ApprovedAt datetime",UQ(SettlementNo); UQ(FreightTripId),LEGACY_REGISTERED,,RETAIN_AND_NORMALIZE,NO,السجل القديم محفوظ كما هو؛ أي تغيير لاحق يمر عبر إدارة التغيير وإصدار جديد.
U-TBL-164,164,TripSettlementLines,بنود تسوية الرحلة,FIN,تفاصيل الإيرادات والتكاليف والعمولات والتعديلات داخل تسوية الرحلة,TripSettlementLineId,TripSettlementId,"TripSettlementId bigint; LineType varchar(30); ReferenceType varchar(30); ReferenceId bigint; BeneficiaryType varchar(30); BeneficiaryId bigint; Description varchar(300); Qty decimal(18,3); Rate decimal(18,6); Amount decimal(18,2); CurrencyId bigint; IsAdjustment bit; AdjustmentReason varchar(500)","IDX(TripSettlementId,LineType)",LEGACY_REGISTERED,,RETAIN_AND_NORMALIZE,NO,السجل القديم محفوظ كما هو؛ أي تغيير لاحق يمر عبر إدارة التغيير وإصدار جديد.
U-TBL-165,165,ReportingViews,عروض التقارير,RPT,تعريف الفلاتر/التخطيطات المحفوظة,ReportingViewId,UserId,ReportCode varchar(50); UserId bigint; Name varchar(150); FilterJson longtext; LayoutJson longtext; IsShared bit; CreatedAt datetime,"IDX(ReportCode,UserId)",LEGACY_REGISTERED,,RETAIN_AND_NORMALIZE,NO,السجل القديم محفوظ كما هو؛ أي تغيير لاحق يمر عبر إدارة التغيير وإصدار جديد.
U-TBL-166,,SyncOperations,عمليات المزامنة,OFF,سجل أوامر المزامنة والنتائج وإعادة المحاولة والتعارضات,SyncOperationId,ClientId; UserId; CompanyId; BranchId,OperationId; EntityType; EntityId; OperationType; PayloadHash; Payload; ClientTimestamp; ServerTimestamp; AttemptCount; Status; ConflictCode; LastError; ProcessedAt,"UQ(ClientId,OperationId); IDX(Status,ClientTimestamp); IDX(EntityType,EntityId)",NEW_EXPLICIT_REQUIREMENT,W1-P1-017,ADD_TO_CANONICAL_TARGET_REGISTER,OWNER_DECISION_REQUIRED,P1 W1-P1-017، تصميم جديد من الصفر. يلزم اعتماد استراتيجية حل التعارض والاحتفاظ والحد الأقصى لإعادة المحاولة.
U-TBL-167,,PaymentMethods,طرق الدفع,FIN,قاموس طرق الدفع المسموح بها، بما في ذلك التركيبات الست التي حددها المالك,PaymentMethodId,CompanyId; BranchId,Code; NameAr; CombinationType; CashPartAllowed; BankPartAllowed; CreditPartAllowed; Status,"UQ(CompanyId,Code)",PROPOSED_COVERAGE,,ADD_TO_CANONICAL_TARGET_REGISTER,OWNER_DECISION_REQUIRED,تغطية صريحة لمتطلبات الدفع. الأكواد النهائية وقواعد المزج المالي تحتاج اعتماد المالك.
U-TBL-168,,CollectionPolicies,سياسات التحصيل,FIN,تعريف جهة التحصيل ونقطة التحصيل وطريقة التسوية والاستلام,CollectionPolicyId,CompanyId; BranchId; PaymentMethodId,PolicyCode; CollectionPartyType; CollectionPointType; ReceivingPaymentMode; DueRule; Status,"UQ(CompanyId,PolicyCode)",PROPOSED_COVERAGE,,ADD_TO_CANONICAL_TARGET_REGISTER,OWNER_DECISION_REQUIRED,تغطية صريحة لجهات التحصيل الخمس ومسارات الاستلام. تثبت الجهات الخمس ونقاط التحصيل وتاريخ الاستحقاق.
U-TBL-169,,SettlementDistributionRules,قواعد توزيع كشف الترحيل,FIN,توزيع مستحقات الرحلة أو البوليصة بين السائق والمكتب والباص والمندوب,DistributionRuleId,CompanyId; BranchId; ServiceTypeId,Basis; DriverPercent; OfficePercent; VehiclePercent; AgentPercent; RecipientOfficePercent; EffectiveFrom; EffectiveTo; Status,"UQ(CompanyId,BranchId,ServiceTypeId,EffectiveFrom)",PROPOSED_COVERAGE,,ADD_TO_CANONICAL_TARGET_REGISTER,OWNER_DECISION_REQUIRED,تغطية صريحة لنسب كشف الترحيل والتحصيل. يجب اعتماد أساس النسب قبل/بعد الخصم.
U-TBL-170,,RestrictedItems,الأصناف الممنوعة والمقيدة,TRN,قائمة قابلة للتهيئة للأصناف الممنوعة أو المقيدة وقرار التنبيه والمنع,RestrictedItemId,CompanyId; BranchId; CustomsRegimeId,Code; NameAr; Category; RestrictionType; AlertMessage; BlockByDefault; OverridePermission; EffectiveFrom; EffectiveTo; Status,"UQ(CompanyId,Code)",PROPOSED_COVERAGE,,ADD_TO_CANONICAL_TARGET_REGISTER,OWNER_DECISION_REQUIRED,تغطية صريحة للتنبيه والمنع النظامي. القائمة النهائية وصلاحية التجاوز تعتمد من المالك والجهة التنظيمية.
U-TBL-171,,PricingEvaluations,تقييمات التسعير,PRC,حفظ نتيجة التسعير الآلي أو اليدوي أو اقتراح النظام والعوامل المؤثرة,PricingEvaluationId,CompanyId; BranchId; ServiceTypeId; WaybillId; RideOrderId; DeliveryOrderId,Mode; FactorsJson; SuggestedAmount; ManualAmount; ApprovedAmount; CurrencyId; EvaluatedBy; EvaluatedAt; Status; Explanation,"IDX(WaybillId,EvaluatedAt); IDX(ServiceTypeId,EvaluatedAt)",PROPOSED_COVERAGE,,ADD_TO_CANONICAL_TARGET_REGISTER,OWNER_DECISION_REQUIRED,تغطية صريحة للتسعير متعدد العوامل وقابلية التفسير. أولوية العوامل عند التعارض تحتاج اعتمادًا.
U-TBL-172,,DiscountApprovalCases,حالات توافق الخصم,FIN,تتبع طلب الخصم وإشعار الجهة المرسلة والتوافق أو الرفض,DiscountApprovalCaseId,CompanyId; BranchId; WaybillId; TicketId; SenderPartyId; ReceiverPartyId,CaseNo; RequestedAmount; RequestedPercent; Reason; NotifiedAt; ResponseDueAt; SenderDecision; ReceiverDecision; FinalDecision; Status; ClosedAt,"UQ(CaseNo); IDX(Status,ResponseDueAt)",PROPOSED_COVERAGE,,ADD_TO_CANONICAL_TARGET_REGISTER,OWNER_DECISION_REQUIRED,تغطية صريحة لمسار التوافق الثنائي للخصم. قناة الإشعار ومدة الاستجابة وحد الاعتماد الثالث تحتاج اعتمادًا.
U-TBL-173,,WaybillCustomsData,بيانات الجمارك الإضافية للبوليصة,CUS,تبويب بيانات الجمارك الإضافية المرتبط بالبوليصة وبنودها ومستنداتها ورسومها,WaybillCustomsDataId,WaybillId; WaybillItemId; CustomsClearanceFileId,DeclarationRequired; HSCode; OriginCountry; DestinationCountry; CustomsValue; CustomsOfficeId; RegimeId; Status; Notes,IDX(WaybillId); IDX(WaybillItemId),PROPOSED_COVERAGE,,ADD_TO_CANONICAL_TARGET_REGISTER,OWNER_DECISION_REQUIRED,تغطية صريحة لبيانات الجمارك الإضافية داخل البوليصة. المسارات والأصناف المحلية المطلوبة تحتاج اعتمادًا.
