Screen_ID,Release_ID,Domain,Screen_Arabic,Screen_Code,Device,Role,RTL_Layout,Fields_Contract,States,Action_IDs,W1_Contract_IDs,Permissions,Validation,Empty_Load_Error_States,Offline_Policy,Audit,Accessibility,Reference_Evidence,Test_ID,Owner,Reviewer,Status,Closure_Reason
W3-P2C01-001,P2-C01-WAYBILL-SHIPPING-2026-08,Waybill,رأس البوليصة,SHP-005,Desktop,WaybillClerk,REQUIRED,WaybillNo;DraftNo;Branch;ServicePoint;Agent;Dates;Priority;Origin;Destination;Currency;Freight;Discount;OperationalStatus;FinancialStatus,Loading->DraftEditing->ReadyForApproval->Approved/Cancelled->Error,W2-P2C01-001;W2-P2C01-002;W2-P2C01-005;W2-P2C01-006;W2-P2C01-007;W2-P2C01-008;W2-P2C01-009;W2-P2C01-035,W1-P2C01-002;W1-P2C01-024,waybill.view;waybill.create;waybill.edit;waybill.submit;waybill.approve,required branch origin destination currency; no official number in draft; price nonnegative,EMPTY: new draft;LOAD_ERROR;VALIDATION_ERROR;CONCURRENCY_CONFLICT,OFFLINE_ALLOWED_DRAFT_ONLY,create/update/submit/approve/cancel and sensitive changes,RTL form; keyboard flow; status text not color-only,EVID-KARRASA-SHP-005,T-P2C01-W3-001,TransportERP Product Owner,Independent UX/Architecture Review,READY_FOR_REVIEW,Primary transaction shell
W3-P2C01-002,P2-C01-WAYBILL-SHIPPING-2026-08,Waybill,أطراف البوليصة,SHP-006,Desktop,WaybillClerk,REQUIRED,Sender search;Receiver search;Payer role;Party number;Name;Mobile;Identity;Address;New party,Loading->Ready/Empty/Error->Selecting->Saved,W2-P2C01-003;W2-P2C01-004;W2-P2C01-002,W1-P2C01-001;W1-P2C01-003,party.view;party.create;waybill.edit,sender and receiver required before approval; selected result returns to invoking role,EMPTY: no party match;LOAD_ERROR;PARTY_DUPLICATE_WARNING,OFFLINE_CACHE_SEARCH_CREATE_QUEUE,party selection/create and identity access,RTL search; clear invoking role; sensitive identity masked,EVID-KARRASA-SHP-006,T-P2C01-W3-002,TransportERP Product Owner,Independent UX/Architecture Review,READY_FOR_REVIEW,Operational parties not accounting customers
W3-P2C01-003,P2-C01-WAYBILL-SHIPPING-2026-08,Waybill,أصناف البوليصة,SHP-007,Desktop,WaybillClerk,REQUIRED,LineNo;ItemType;Contents;Quantity;Pieces;DeclaredValue;OriginCountry;RiskFlags;Notes,Loading->Ready/Empty/Error->Editing->Validated,W2-P2C01-002;W2-P2C01-005,W1-P2C01-004;W1-P2C01-021,waybill.edit;waybill.validate,at least one item;quantity >0; prohibited/permit/customs rules,EMPTY: no items;LOAD_ERROR;PROHIBITED_ITEM;PERMIT_REQUIRED;VALIDATION_ERROR,OFFLINE_ALLOWED_DRAFT_ONLY,item additions edits and risk overrides,RTL grid; warnings textual and icon; keyboard line entry,EVID-KARRASA-SHP-007,T-P2C01-W3-003,TransportERP Product Owner,Independent UX/Architecture Review,READY_FOR_REVIEW,Multi-item waybill
W3-P2C01-004,P2-C01-WAYBILL-SHIPPING-2026-08,Waybill,الأوزان والأبعاد والقيم,SHP-008,Desktop,WaybillClerk,REQUIRED,Weight;Length;Width;Height;Volume;VolumetricWeight;ChargeableWeight;DeclaredValue;PurchaseValue;InsuredValue,Loading->Ready/Error->Editing->Calculated,W2-P2C01-002;W2-P2C01-005,W1-P2C01-004,waybill.edit;waybill.validate,measurements nonnegative;chargeable weight follows pricing policy,LOAD_ERROR;MEASUREMENT_INVALID,OFFLINE_ALLOWED_DRAFT_ONLY,before/after measurements when approved correction,RTL numeric fields; units visible,EVID-KARRASA-SHP-008,T-P2C01-W3-004,TransportERP Product Owner,Independent UX/Architecture Review,READY_FOR_REVIEW,Measurement tab of item
W3-P2C01-005,P2-C01-WAYBILL-SHIPPING-2026-08,Waybill,الخدمات والرسوم الإضافية,SHP-009,Desktop,WaybillClerk,REQUIRED,ServiceType;ItemFreight;AdditionalCharge;Discount;NetAmount,Loading->Ready/Error->Editing->Calculated,W2-P2C01-002;W2-P2C01-011,W1-P2C01-002;W1-P2C01-004;W1-P2C01-007,waybill.edit;waybill.payment.plan,amounts nonnegative;discount within authority,LOAD_ERROR;DISCOUNT_LIMIT;AMOUNT_INVALID,ONLINE_REQUIRED,before/after pricing and override reason,RTL money formatting; currency always visible,EVID-KARRASA-SHP-009,T-P2C01-W3-005,TransportERP Product Owner,Independent UX/Architecture Review,READY_FOR_REVIEW,Pricing detail without hard-coded accounts
W3-P2C01-006,P2-C01-WAYBILL-SHIPPING-2026-08,Collections,خطة الدفع للبوليصة,SHP-010,Desktop,Cashier/WaybillClerk,REQUIRED,PayerRole;Party;PaymentMethod;Amount;Percent;DueTrigger;DueAt,Loading->Ready/Empty/Error->Editing->Saved,W2-P2C01-011,W1-P2C01-007,waybill.payment.plan,total plan equals payable policy;split and mixed methods valid,EMPTY: no plan;LOAD_ERROR;PLAN_TOTAL_INVALID,ONLINE_REQUIRED,payer method amount changes audited,RTL line grid; percentage and amount modes explicit,EVID-KARRASA-SHP-010,T-P2C01-W3-006,TransportERP Product Owner,Independent UX/Architecture Review,READY_FOR_REVIEW,Payment plan separate from actual collection
W3-P2C01-007,P2-C01-WAYBILL-SHIPPING-2026-08,Collections,تحصيلات البوليصة,SHP-011,Desktop/Mobile,Cashier/AuthorizedCollector,REQUIRED,Waybill;Payer;Method;Currency;ExchangeRate;Amount;Collector;Location;Reference;Status,Loading->Ready/Empty/Error->Submitting->Accepted/Reversed,W2-P2C01-012;W2-P2C01-013,W1-P2C01-008;W1-P2C01-023,waybill.collection.create;waybill.collection.reverse,positive amount;method valid;reversal reason required,EMPTY: no collections;LOAD_ERROR;DUPLICATE_OPERATION;AMOUNT_INVALID,OFFLINE_QUEUE_ALLOWED_SERVER_ACCEPTED,collector payer amount method currency ack and reversal,RTL collection form; server accepted status explicit,EVID-KARRASA-SHP-011,T-P2C01-W3-007,TransportERP Product Owner,Independent UX/Architecture Review,READY_FOR_REVIEW,Accepted collection immutable
W3-P2C01-008,P2-C01-WAYBILL-SHIPPING-2026-08,Collections,حالة السداد والمتبقي,SHP-012,Desktop,Finance/Operations,REQUIRED,NetAmount;PaidTotal;Remaining;FinancialStatus;LastCollection;PayerPlan,Loading->Ready/Empty/Error,W2-P2C01-012;W2-P2C01-013,W1-P2C01-002;W1-P2C01-007;W1-P2C01-008,waybill.view;waybill.collection.create,status derived from accepted net collections not manual,EMPTY: no collections;LOAD_ERROR,ONLINE_REQUIRED,read plus any collection action audited by source action,RTL summary; colors supplemented with status text,EVID-KARRASA-SHP-012,T-P2C01-W3-008,TransportERP Product Owner,Independent UX/Architecture Review,READY_FOR_REVIEW,Financial status independent from operational status
W3-P2C01-009,P2-C01-WAYBILL-SHIPPING-2026-08,Attachments,مرفقات البوليصة,SHP-013,Desktop/Mobile,WaybillClerk/AuthorizedViewer,REQUIRED,AttachmentType;OwnerType;Item;File;Hash;AddedBy;AddedAt;Status,Loading->Ready/Empty/Error->Uploading->Saved,W2-P2C01-010,W1-P2C01-006,waybill.attachment.add;waybill.attachment.view,file type/size/hash policy; sensitive proof permission,EMPTY: no attachments;LOAD_ERROR;FILE_TYPE_DENIED;HASH_MISMATCH,OFFLINE_CAPTURE_SYNC_ALLOWED,add/view sensitive access audited,RTL list; file type and size textual,EVID-KARRASA-SHP-013,T-P2C01-W3-009,TransportERP Product Owner,Independent UX/Architecture Review,READY_FOR_REVIEW,External binary storage reference only
W3-P2C01-010,P2-C01-WAYBILL-SHIPPING-2026-08,Waybill,اعتماد البوليصة,SHP-014,Desktop,WaybillApprover,REQUIRED,ValidationSummary;BlockingErrors;Warnings;DraftNo;ProposedScope;ApprovalReason,Loading->Ready/Error->Submitting->Approved/Returned,W2-P2C01-005;W2-P2C01-006;W2-P2C01-007;W2-P2C01-008;W2-P2C01-009,W1-P2C01-002;W1-P2C01-024,waybill.approve;waybill.approval.return;waybill.cancel,no blocking errors;server numbering only after approval,LOAD_ERROR;VALIDATION_ERROR;NUMBERING_UNAVAILABLE;CONCURRENCY_CONFLICT,ONLINE_REQUIRED,approver validation snapshot number reservation reason,RTL review layout; warnings grouped; destructive actions confirmed,EVID-KARRASA-SHP-014,T-P2C01-W3-010,TransportERP Product Owner,Independent UX/Architecture Review,READY_FOR_REVIEW,Atomic approval and numbering
W3-P2C01-011,P2-C01-WAYBILL-SHIPPING-2026-08,Shipping,إطلاق كميات الأصناف,SHP-015,Desktop,ShippingClerk,REQUIRED,Waybill;Item;OriginalQty;ReleasedNet;RemainingToRelease;ReleaseQty;HoldStatus,Loading->Ready/Empty/Error->Submitting->Released,W2-P2C01-014,W1-P2C01-004;W1-P2C01-009;W1-P2C01-026,waybill.release,ReleaseQty <= RemainingToRelease;approved waybill;hold not blocking,EMPTY: no eligible items;LOAD_ERROR;QUANTITY_EXCEEDS_REMAINING;HOLD_BLOCKED,ONLINE_REQUIRED,release quantity actor time location,RTL quantity grid; remaining always visible,EVID-KARRASA-SHP-015,T-P2C01-W3-011,TransportERP Product Owner,Independent UX/Architecture Review,READY_FOR_REVIEW,No over-release
W3-P2C01-012,P2-C01-WAYBILL-SHIPPING-2026-08,Shipping,توزيع الأصناف على الرحلات,SHP-016,Desktop,ShippingPlanner,REQUIRED,Item;ReleasedRemaining;Trip;Route;AllocateQty;AllocationStatus,Loading->Ready/Empty/Error->Allocating->Allocated/Reversed,W2-P2C01-016;W2-P2C01-017,W1-P2C01-009;W1-P2C01-010;W1-P2C01-012,waybill.allocate;waybill.unallocate,allocation <= released remaining;route compatible,EMPTY: no released quantity;LOAD_ERROR;QUANTITY_EXCEEDS_RELEASED;ROUTE_INCOMPATIBLE,ONLINE_REQUIRED,trip quantity allocation and reversal reason,RTL planner grid; route and remaining visible,EVID-KARRASA-SHP-016,T-P2C01-W3-012,TransportERP Product Owner,Independent UX/Architecture Review,READY_FOR_REVIEW,Same item may split across trips
W3-P2C01-013,P2-C01-WAYBILL-SHIPPING-2026-08,Tracking,حركة الصنف,SHP-017,Desktop,Operations/Auditor,REQUIRED,Waybill;Item;Original;Released;Allocated;Loaded;Arrived;Delivered;Remaining;Timeline;Trips;Locations,Loading->Ready/Empty/Error->Detail,W2-P2C01-036,W1-P2C01-004;W1-P2C01-015,waybill.item.movement.view,scope and filters valid,EMPTY: no movement;LOAD_ERROR;INVALID_FILTER,ONLINE_REQUIRED,read trail access audited by policy,RTL timeline and numeric summary; drilldown source IDs,EVID-KARRASA-SHP-017,T-P2C01-W3-013,TransportERP Product Owner,Independent UX/Architecture Review,READY_FOR_REVIEW,Item movement across multiple trips
W3-P2C01-014,P2-C01-WAYBILL-SHIPPING-2026-08,Tracking,حركة البوليصة,SHP-018,Desktop,Operations/Auditor,REQUIRED,Waybill;OperationalStatus;FinancialStatus;Timeline;EventType;DateTime;Trip;From;To;User;Reason,Loading->Ready/Empty/Error->Detail,W2-P2C01-035,W1-P2C01-002;W1-P2C01-015,waybill.movement.view,scope and filters valid,EMPTY: no movement;LOAD_ERROR;INVALID_FILTER,ONLINE_REQUIRED,read trail access audited by policy,RTL chronological timeline; source drilldown,EVID-KARRASA-SHP-018,T-P2C01-W3-014,TransportERP Product Owner,Independent UX/Architecture Review,READY_FOR_REVIEW,Full waybill history never replaced
W3-P2C01-015,P2-C01-WAYBILL-SHIPPING-2026-08,Shipping,المتبقي غير المرحل,SHP-019,Desktop,ShippingPlanner,REQUIRED,Waybill;Item;Original;Released;Allocated;Loaded;RemainingToRelease;ReleasedRemaining;AllocatedRemaining,Loading->Ready/Empty/Error,W2-P2C01-014;W2-P2C01-016;W2-P2C01-036,W1-P2C01-004;W1-P2C01-009;W1-P2C01-012;W1-P2C01-014,waybill.release;waybill.allocate;waybill.item.movement.view,derived balances must not be negative,EMPTY: nothing remaining;LOAD_ERROR;BALANCE_INCONSISTENT,ONLINE_REQUIRED,drilldown to source ledger,RTL numeric grid; negative state rendered as blocking error,EVID-KARRASA-SHP-019,T-P2C01-W3-015,TransportERP Product Owner,Independent UX/Architecture Review,READY_FOR_REVIEW,Derived from ledgers not manual quantity
W3-P2C01-016,P2-C01-WAYBILL-SHIPPING-2026-08,Waybill,الطرود والقطع,SHP-021,Desktop,WaybillClerk/Warehouse,REQUIRED,PackageNo;Barcode;Item;Quantity;Weight;Status;CurrentLocation,Loading->Ready/Empty/Error->Editing,W2-P2C01-002;W2-P2C01-019,W1-P2C01-005;W1-P2C01-004,waybill.edit;manifest.load,barcode unique;package quantity <= item quantity,EMPTY: tracking disabled/no packages;LOAD_ERROR;BARCODE_DUPLICATE,OFFLINE_ALLOWED_DRAFT_ONLY,package/label changes audited,RTL grid; barcode copy/scan accessible,EVID-KARRASA-SHP-021,T-P2C01-W3-016,TransportERP Product Owner,Independent UX/Architecture Review,READY_FOR_REVIEW,Package tracking optional by service policy
W3-P2C01-017,P2-C01-WAYBILL-SHIPPING-2026-08,Waybill,الباركود والملصقات,SHP-022,Desktop,WaybillClerk/Warehouse,REQUIRED,WaybillNo;PackageBarcode;Item;HandlingLabels;PrintCount,Loading->Ready/Empty/Error->Printing,W2-P2C01-002;W2-P2C01-010,W1-P2C01-005;W1-P2C01-006,waybill.print;waybill.attachment.add,approved number required for official label;draft watermark otherwise,EMPTY: no packages;LOAD_ERROR;PRINT_ERROR,ONLINE_PREFERRED,print actor document number label type audited,RTL preview; barcode textual fallback,EVID-KARRASA-SHP-022,T-P2C01-W3-017,TransportERP Product Owner,Independent UX/Architecture Review,READY_FOR_REVIEW,Labels show risk handling symbols with text
W3-P2C01-018,P2-C01-WAYBILL-SHIPPING-2026-08,Shipping,البوالص الجاهزة للتحميل,SHP-023,Desktop,ShippingClerk,REQUIRED,Waybill;Item;Trip;AllocatedRemaining;RiskFlags;Priority;Destination,Loading->Ready/Empty/Error->Selecting,W2-P2C01-016;W2-P2C01-018,W1-P2C01-002;W1-P2C01-012;W1-P2C01-021,manifest.create;waybill.allocate,only approved released allocated quantities;resource constraints visible,EMPTY: nothing ready;LOAD_ERROR;HOLD_BLOCKED,ONLINE_REQUIRED,selection and manifest generation audited,RTL grid; priority not color-only,EVID-KARRASA-SHP-023,T-P2C01-W3-018,TransportERP Product Owner,Independent UX/Architecture Review,READY_FOR_REVIEW,Pre-load planning list
W3-P2C01-019,P2-C01-WAYBILL-SHIPPING-2026-08,Shipping,تخطيط الحمولة,SHP-024,Desktop,ShippingPlanner,REQUIRED,Trip;Capacity;AllocatedWeight;AllocatedVolume;Item;Qty;Priority;RiskFlags,Loading->Ready/Empty/Error->Planning->Saved,W2-P2C01-016;W2-P2C01-017;W2-P2C01-018,W1-P2C01-010;W1-P2C01-012;W1-P2C01-013,waybill.allocate;manifest.create,route compatible;capacity/risk policy warnings,EMPTY: no allocations;LOAD_ERROR;RESOURCE_CONSTRAINT,ONLINE_REQUIRED,allocation and plan changes audited,RTL planning grid; capacity totals readable,EVID-KARRASA-SHP-024,T-P2C01-W3-019,TransportERP Product Owner,Independent UX/Architecture Review,READY_FOR_REVIEW,Vehicle capacity is reference policy until Fleet implementation
W3-P2C01-020,P2-C01-WAYBILL-SHIPPING-2026-08,Transport,إنشاء الرحلة,SHP-025,Desktop,Dispatcher,REQUIRED,TripNo;Vehicle;Driver;Origin;Destination;PlannedDepartAt;Status,Loading->Ready/Empty/Error->Editing->Saved,W2-P2C01-015,W1-P2C01-010,trip.create,origin/destination valid;driver/vehicle references present,EMPTY: new trip;LOAD_ERROR;DUPLICATE_TRIP_NO,ONLINE_REQUIRED,trip creation assignments audited,RTL form; lookup labels accessible,EVID-KARRASA-SHP-025,T-P2C01-W3-020,TransportERP Product Owner,Independent UX/Architecture Review,READY_FOR_REVIEW,Transport trip contract
W3-P2C01-021,P2-C01-WAYBILL-SHIPPING-2026-08,Transport,محطات الرحلة,SHP-026,Desktop,Dispatcher,REQUIRED,Trip;StopNo;Location;StopType;PlannedAt;ArrivedAt;DepartedAt;Status,Loading->Ready/Empty/Error->Editing,W2-P2C01-015;W2-P2C01-022,W1-P2C01-010;W1-P2C01-011,trip.create;arrival.record,unique stop sequence;locations valid,EMPTY: direct trip;LOAD_ERROR;LOCATION_INVALID,ONLINE_REQUIRED,stop plan and actual times audited,RTL ordered list; sequence explicit,EVID-KARRASA-SHP-026,T-P2C01-W3-021,TransportERP Product Owner,Independent UX/Architecture Review,READY_FOR_REVIEW,Supports transit route
W3-P2C01-022,P2-C01-WAYBILL-SHIPPING-2026-08,Transport,تحميل الرحلة,SHP-027,Desktop/Mobile,Loader,REQUIRED,Manifest;Waybill;Item;AllocatedQty;LoadedQty;Weight;RiskFlags;Status,Loading->Ready/Empty/Error->Loading->Loaded,W2-P2C01-019,W1-P2C01-012;W1-P2C01-014;W1-P2C01-015,manifest.load,loaded <= allocated remaining;resource constraints pass,EMPTY: no manifest lines;LOAD_ERROR;QUANTITY_EXCEEDS_ALLOCATION;RESOURCE_CONSTRAINT,OFFLINE_QUEUE_ALLOWED_SERVER_ACCEPTED,load quantity actor device time audited,RTL scan-friendly grid; clear server accepted state,EVID-KARRASA-SHP-027,T-P2C01-W3-022,TransportERP Product Owner,Independent UX/Architecture Review,READY_FOR_REVIEW,No over-load
W3-P2C01-023,P2-C01-WAYBILL-SHIPPING-2026-08,Transport,كشف الحمولة Manifest,SHP-028,Desktop/Mobile,Dispatcher/Driver,REQUIRED,ManifestNo;Trip;Driver;Vehicle;Waybill;Item;Qty;Weight;Volume;Status;Totals,Loading->Ready/Empty/Error->Finalized/HandedOver,W2-P2C01-018;W2-P2C01-020,W1-P2C01-013;W1-P2C01-014,manifest.create;manifest.handover,manifest lines match allocations and load policy,EMPTY: no lines;LOAD_ERROR;INVALID_STATE,ONLINE_REQUIRED,finalization and handover audited,RTL printable report; totals and page headers,EVID-KARRASA-SHP-028,T-P2C01-W3-023,TransportERP Product Owner,Independent UX/Architecture Review,READY_FOR_REVIEW,Source for trip execution and commissions
W3-P2C01-024,P2-C01-WAYBILL-SHIPPING-2026-08,Transport,تسليم عهدة الحمولة للسائق,SHP-029,Desktop/Mobile,Dispatcher/Driver,REQUIRED,Manifest;Driver;Vehicle;Totals;Acceptance;Timestamp,Loading->Ready/Error->Submitting->Accepted,W2-P2C01-020,W1-P2C01-010;W1-P2C01-013,manifest.handover,assigned driver must accept finalized manifest,LOAD_ERROR;DRIVER_MISMATCH;INVALID_STATE,ONLINE_REQUIRED,handover and acceptance identity audited,RTL confirmation; totals before accept,EVID-KARRASA-SHP-029,T-P2C01-W3-024,TransportERP Product Owner,Independent UX/Architecture Review,READY_FOR_REVIEW,Custody begins on acceptance
W3-P2C01-025,P2-C01-WAYBILL-SHIPPING-2026-08,Transport,انطلاق الرحلة,SHP-030,Desktop/Mobile,Dispatcher/Driver,REQUIRED,Trip;Manifest;Driver;Vehicle;PlannedDepartAt;ActualDepartAt;Status,Loading->Ready/Error->Starting->Departed,W2-P2C01-021,W1-P2C01-010;W1-P2C01-013;W1-P2C01-015,trip.start,manifest accepted and trip ready,LOAD_ERROR;MANIFEST_NOT_ACCEPTED;INVALID_STATE,ONLINE_REQUIRED,start user time device audited,RTL confirmation; status announced,EVID-KARRASA-SHP-030,T-P2C01-W3-025,TransportERP Product Owner,Independent UX/Architecture Review,READY_FOR_REVIEW,Operational event only; no duplicate revenue
W3-P2C01-026,P2-C01-WAYBILL-SHIPPING-2026-08,Tracking,تتبع الرحلة,SHP-031,Desktop/Mobile,Operations,REQUIRED,Trip;Status;Stops;LastOperationalEvent;WaybillCount;Manifest;ETA placeholder,Loading->Ready/Empty/Error->Detail,W2-P2C01-022;W2-P2C01-035,W1-P2C01-010;W1-P2C01-011;W1-P2C01-015,trip.view;waybill.movement.view,scope valid,EMPTY: no events;LOAD_ERROR,ONLINE_REQUIRED,tracking reads and arrival actions as configured,RTL timeline; GPS shown later as separate source,EVID-KARRASA-SHP-031,T-P2C01-W3-026,TransportERP Product Owner,Independent UX/Architecture Review,READY_FOR_REVIEW,GPS raw events are not Waybill MovementEvents
W3-P2C01-027,P2-C01-WAYBILL-SHIPPING-2026-08,Arrival,محطة وسيطة وترانزيت,SHP-032,Desktop,TransitClerk,REQUIRED,Trip;Stop;Waybill;Item;Expected;Actual;Holding;NextTrip;Status,Loading->Ready/Empty/Error->Receiving->Available/Reallocated,W2-P2C01-022;W2-P2C01-023;W2-P2C01-024,W1-P2C01-011;W1-P2C01-016;W1-P2C01-017;W1-P2C01-018;W1-P2C01-012,arrival.record;arrival.unload;waybill.reallocate,actual <= in-transit;reallocate <= available,EMPTY: no transit cargo;LOAD_ERROR;QUANTITY_EXCEEDS_IN_TRANSIT;QUANTITY_EXCEEDS_AVAILABLE,ONLINE_REQUIRED,receipt differences holding and reallocation audited,RTL split view; quantities and next trip explicit,EVID-KARRASA-SHP-032,T-P2C01-W3-027,TransportERP Product Owner,Independent UX/Architecture Review,READY_FOR_REVIEW,Preserves previous trip history
W3-P2C01-028,P2-C01-WAYBILL-SHIPPING-2026-08,Arrival,تفريغ جزئي,SHP-033,Desktop/Mobile,TransitClerk/Receiver,REQUIRED,ManifestLine;ExpectedQty;UnloadQty;RemainingInTransit;DifferenceType;DamageQty;Notes,Loading->Ready/Empty/Error->Submitting->Recorded,W2-P2C01-023,W1-P2C01-014;W1-P2C01-017;W1-P2C01-015,arrival.unload,unload <= in-transit;difference evidence where required,EMPTY: no line;LOAD_ERROR;QUANTITY_EXCEEDS_IN_TRANSIT,OFFLINE_QUEUE_ALLOWED_SERVER_ACCEPTED,actual qty difference damage evidence audited,RTL numeric form; remaining explicit,EVID-KARRASA-SHP-033,T-P2C01-W3-028,TransportERP Product Owner,Independent UX/Architecture Review,READY_FOR_REVIEW,Partial unload supported
W3-P2C01-029,P2-C01-WAYBILL-SHIPPING-2026-08,Arrival,استلام فرع الوصول,SHP-034,Desktop,ReceivingClerk,REQUIRED,Trip;Manifest;Location;ReceivedAt;Waybill;Item;Expected;Actual;Difference;ReceiptStatus,Loading->Ready/Empty/Error->Receiving->Finalized,W2-P2C01-022;W2-P2C01-023,W1-P2C01-016;W1-P2C01-017;W1-P2C01-018,arrival.record;arrival.unload,all actual lines validated before finalize,EMPTY: no arrivals;LOAD_ERROR;DIFFERENCE_REQUIRES_EVIDENCE,ONLINE_REQUIRED,receipt finalization and differences audited,RTL receiving grid; expected vs actual clear,EVID-KARRASA-SHP-034,T-P2C01-W3-029,TransportERP Product Owner,Independent UX/Architecture Review,READY_FOR_REVIEW,Full arrival only when all required quantities received
W3-P2C01-030,P2-C01-WAYBILL-SHIPPING-2026-08,Notifications,إشعار المستلم,SHP-035,Desktop,CustomerService,REQUIRED,Waybill;Receiver;Mobile;ArrivalStatus;ArrivedItems;RemainingItems;MessagePreview;DeliveryState,Loading->Ready/Empty/Error->Prepared/Sent/Failed,W2-P2C01-022,W1-P2C01-002;W1-P2C01-003;W1-P2C01-017,notification.send,valid receiver contact;arrival event exists,EMPTY: no pending notifications;LOAD_ERROR;CONTACT_MISSING;PROVIDER_UNAVAILABLE,ONLINE_REQUIRED,message event provider result and actor audited,RTL message preview; no sensitive data in template,EVID-KARRASA-SHP-035,T-P2C01-W3-030,TransportERP Product Owner,Independent UX/Architecture Review,READY_FOR_REVIEW,Provider integration remains configurable
W3-P2C01-031,P2-C01-WAYBILL-SHIPPING-2026-08,Delivery,تسليم كلي أو جزئي,SHP-036,Desktop/Mobile,DeliveryClerk,REQUIRED,Waybill;Recipient;AvailableItems;DeliverQty;Identity;AmountDue;CollectionMethod;Status,Loading->Ready/Empty/Error->Submitting->Partial/Completed,W2-P2C01-028;W2-P2C01-012,W1-P2C01-018;W1-P2C01-019;W1-P2C01-020;W1-P2C01-008,waybill.deliver;waybill.collection.create,deliver <= available;identity/POD/COD rules,EMPTY: nothing available;LOAD_ERROR;QUANTITY_EXCEEDS_AVAILABLE;IDENTITY_REQUIRED;HOLD_BLOCKED,OFFLINE_CAPTURE_SYNC_ALLOWED,recipient quantities location collector audited,RTL delivery grid; outstanding amount visible,EVID-KARRASA-SHP-036,T-P2C01-W3-031,TransportERP Product Owner,Independent UX/Architecture Review,READY_FOR_REVIEW,Supports partial delivery
W3-P2C01-032,P2-C01-WAYBILL-SHIPPING-2026-08,Delivery,إثبات التسليم POD,SHP-037,Desktop/Mobile,DeliveryClerk,REQUIRED,Delivery;Recipient;IdentityType;IdentityNo;Photo;Signature;OTP;ProofType;Timestamp,Loading->Ready/Error->Capturing->Saved,W2-P2C01-029,W1-P2C01-006;W1-P2C01-019,waybill.pod.capture;waybill.attachment.add,required proof components by policy,LOAD_ERROR;POD_REQUIRED;IDENTITY_REQUIRED;ATTACHMENT_INVALID,OFFLINE_CAPTURE_SYNC_ALLOWED,proof hashes identity access device actor audited,RTL capture flow; camera/signature alternatives accessible,EVID-KARRASA-SHP-037,T-P2C01-W3-032,TransportERP Product Owner,Independent UX/Architecture Review,READY_FOR_REVIEW,Sensitive data protected
W3-P2C01-033,P2-C01-WAYBILL-SHIPPING-2026-08,Delivery,تعذر أو عدم التسليم,SHP-038,Desktop/Mobile,DeliveryClerk,REQUIRED,Waybill;DeliveryAttempt;Reason;Location;Timestamp;Evidence;NextAction,Loading->Ready/Error->Submitting->Failed/ExceptionOpen,W2-P2C01-030,W1-P2C01-019;W1-P2C01-025;W1-P2C01-006,waybill.exception.create,reason required;evidence by policy,LOAD_ERROR;REASON_REQUIRED;EVIDENCE_REQUIRED,OFFLINE_QUEUE_ALLOWED_SERVER_ACCEPTED,attempt reason evidence next action audited,RTL reason list; failure not color-only,EVID-KARRASA-SHP-038,T-P2C01-W3-033,TransportERP Product Owner,Independent UX/Architecture Review,READY_FOR_REVIEW,Failed delivery is an exception not deletion
W3-P2C01-034,P2-C01-WAYBILL-SHIPPING-2026-08,Delivery,مرتجع الشحنة,SHP-039,Desktop,Operations,REQUIRED,Waybill;RemainingItems;ReturnDestination;Reason;NewRoute;Status,Loading->Ready/Error->Submitting->Redirected/ExceptionOpen,W2-P2C01-027;W2-P2C01-030,W1-P2C01-002;W1-P2C01-015;W1-P2C01-025,waybill.redirect;waybill.exception.create,undelivered qty exists;return destination valid;reason required,LOAD_ERROR;NO_REMAINING_QUANTITY;DESTINATION_INVALID;REASON_REQUIRED,ONLINE_REQUIRED,old/new route reason exception audited,RTL review; original route remains visible,EVID-KARRASA-SHP-039,T-P2C01-W3-034,TransportERP Product Owner,Independent UX/Architecture Review,READY_FOR_REVIEW,Return adds route history
W3-P2C01-035,P2-C01-WAYBILL-SHIPPING-2026-08,Exceptions,مطالبة تلف أو نقص أو فقد,SHP-040,Desktop/Mobile,Operations/Claims,REQUIRED,Waybill;Item;Package;ExceptionType;Quantity;Trip;Location;Evidence;Status;Resolution,Loading->Ready/Empty/Error->Opening->Investigating->Resolved,W2-P2C01-030,W1-P2C01-025;W1-P2C01-006;W1-P2C01-015,waybill.exception.create,qty valid;evidence required by type,EMPTY: no claims;LOAD_ERROR;QUANTITY_INVALID;EVIDENCE_REQUIRED,OFFLINE_QUEUE_ALLOWED_SERVER_ACCEPTED,exception evidence resolution audited,RTL case view; source movements drillable,EVID-KARRASA-SHP-040,T-P2C01-W3-035,TransportERP Product Owner,Independent UX/Architecture Review,READY_FOR_REVIEW,No deletion of original movements
W3-P2C01-036,P2-C01-WAYBILL-SHIPPING-2026-08,Exceptions,فروقات الوزن والكمية,SHP-041,Desktop,Receiving/Operations,REQUIRED,Waybill;Item;ManifestQty;ActualQty;ExpectedWeight;ActualWeight;Difference;Reason;Evidence,Loading->Ready/Empty/Error->Recording,W2-P2C01-023;W2-P2C01-030,W1-P2C01-017;W1-P2C01-025,arrival.unload;waybill.exception.create,difference calculated;reason/evidence thresholds,EMPTY: no differences;LOAD_ERROR;DIFFERENCE_REQUIRES_EVIDENCE,ONLINE_REQUIRED,before/actual values reason evidence audited,RTL compare layout; units explicit,EVID-KARRASA-SHP-041,T-P2C01-W3-036,TransportERP Product Owner,Independent UX/Architecture Review,READY_FOR_REVIEW,Physical differences create explainable exceptions
W3-P2C01-037,P2-C01-WAYBILL-SHIPPING-2026-08,Controls,إعادة توجيه الشحنة,SHP-042,Desktop,OperationsManager,REQUIRED,Waybill;OldDestination;NewDestination;RemainingItems;Reason;ProposedRoute,Loading->Ready/Error->Submitting->Redirected,W2-P2C01-027,W1-P2C01-002;W1-P2C01-015,waybill.redirect,undelivered qty;valid destination;reason required,LOAD_ERROR;NO_REMAINING_QUANTITY;DESTINATION_INVALID;REASON_REQUIRED,ONLINE_REQUIRED,old/new destination route reason audited,RTL confirmation; old route retained visibly,EVID-KARRASA-SHP-042,T-P2C01-W3-037,TransportERP Product Owner,Independent UX/Architecture Review,READY_FOR_REVIEW,Append redirect event
W3-P2C01-038,P2-C01-WAYBILL-SHIPPING-2026-08,Controls,حجز أو إيقاف الشحنة,SHP-043,Desktop,OperationsManager,REQUIRED,Waybill;HoldType;Reason;BlockedActions;PlacedBy;PlacedAt;Status,Loading->Ready/Error->Submitting->Held,W2-P2C01-025,W1-P2C01-026,waybill.hold,reason required;hold type configured,LOAD_ERROR;REASON_REQUIRED;INVALID_STATE,ONLINE_REQUIRED,hold type reason actor blocked actions audited,RTL control screen; blocked actions textual,EVID-KARRASA-SHP-043,T-P2C01-W3-038,TransportERP Product Owner,Independent UX/Architecture Review,READY_FOR_REVIEW,Hold does not erase status history
W3-P2C01-039,P2-C01-WAYBILL-SHIPPING-2026-08,Controls,تحرير الشحنة من الحجز,SHP-044,Desktop,OperationsManager,REQUIRED,Hold;Waybill;HoldType;Reason;PlacedAt;ReleaseReason;ReleasedBy,Loading->Ready/Error->Submitting->Released,W2-P2C01-026,W1-P2C01-026,waybill.hold.release,active hold;release reason required,LOAD_ERROR;INVALID_STATE;REASON_REQUIRED,ONLINE_REQUIRED,release actor reason audited,RTL confirmation,EVID-KARRASA-SHP-044,T-P2C01-W3-039,TransportERP Product Owner,Independent UX/Architecture Review,READY_FOR_REVIEW,Historical hold retained
W3-P2C01-040,P2-C01-WAYBILL-SHIPPING-2026-08,Finance,تسوية رسوم واستحقاقات الرحلة,SHP-045,Desktop,Accountant/Operations,REQUIRED,Trip;ManifestRevenue;DriverRule;VehicleRule;RuleSnapshot;DriverAccrual;VehicleAccrual;OtherCost;Currency;SettlementStatus,Loading->Ready/Empty/Error->Calculating->Approved/Posted,W2-P2C01-031;W2-P2C01-032,W1-P2C01-013;W1-P2C01-022;W1-P2C01-027;W1-P2C01-023,trip.commission.calculate;trip.settle,manifest execution exists;rules configured;period open for post,EMPTY: no accruals;LOAD_ERROR;RULE_NOT_FOUND;PERIOD_CLOSED,ONLINE_REQUIRED,rule snapshot base amounts settlement journal ref audited,RTL financial summary; source manifest drilldown,EVID-KARRASA-SHP-045,T-P2C01-W3-040,TransportERP Product Owner,Independent UX/Architecture Review,READY_FOR_REVIEW,Driver and vehicle from trip not full waybill
W3-P2C01-041,P2-C01-WAYBILL-SHIPPING-2026-08,Finance,تسوية تحصيلات البوليصة,SHP-046,Desktop,Accountant/Cashier,REQUIRED,Waybill;Collections;Collector;Method;Currency;Accepted;Reversed;Outstanding;AccountingLinks,Loading->Ready/Empty/Error->Reconciling,W2-P2C01-012;W2-P2C01-013;W2-P2C01-033,W1-P2C01-008;W1-P2C01-023;W1-P2C01-002,waybill.collection.create;waybill.collection.reverse;waybill.financial.close,accepted/reversed math consistent;accountability closed before financial close,EMPTY: no collections;LOAD_ERROR;BALANCE_INCONSISTENT;ACCOUNTABILITY_OPEN,ONLINE_REQUIRED,collection allocations reversals and links audited,RTL reconciliation grid; totals and status text,EVID-KARRASA-SHP-046,T-P2C01-W3-041,TransportERP Product Owner,Independent UX/Architecture Review,READY_FOR_REVIEW,Collection ledger is source of truth
W3-P2C01-042,P2-C01-WAYBILL-SHIPPING-2026-08,Finance,الإغلاق المالي النهائي للبوليصة,SHP-047,Desktop,Accountant/FinanceApprover,REQUIRED,Waybill;NetAmount;PaidTotal;Remaining;Accountabilities;TripSettlements;Exceptions;PreconditionSummary,Loading->Ready/Error->Submitting->Closed,W2-P2C01-033,W1-P2C01-002;W1-P2C01-008;W1-P2C01-023,waybill.financial.close,remaining zero;accountabilities and settlements closed;no blocking exception,LOAD_ERROR;BALANCE_REMAINING;ACCOUNTABILITY_OPEN;SETTLEMENT_OPEN;EXCEPTION_BLOCKED,ONLINE_REQUIRED,precondition snapshot approver time audited,RTL checklist; blockers textual,EVID-KARRASA-SHP-047,T-P2C01-W3-042,TransportERP Product Owner,Independent UX/Architecture Review,READY_FOR_REVIEW,Operational delivery alone cannot close financially
W3-P2C01-043,P2-C01-WAYBILL-SHIPPING-2026-08,Finance,إعادة فتح الإغلاق المالي,SHP-048,Desktop,FinanceApprover,REQUIRED,Waybill;ClosedAt;ClosedBy;CurrentFinancialStatus;Reason;ApprovalContext,Loading->Ready/Error->Submitting->Reopened,W2-P2C01-034,W1-P2C01-002;W1-P2C01-023,waybill.financial.reopen,currently financially closed;privileged permission;reason mandatory,LOAD_ERROR;INVALID_STATE;PERMISSION_DENIED;REASON_REQUIRED,ONLINE_REQUIRED,before/after reason approver audited,RTL privileged action confirmation,EVID-KARRASA-SHP-048,T-P2C01-W3-043,TransportERP Product Owner,Independent UX/Architecture Review,READY_FOR_REVIEW,Controlled exception only
