W1_Contract_ID,Release_ID,Domain,Entity_Arabic,Entity_Code,Physical_Status,Columns_Spec,Primary_Key,Foreign_Keys,Indexes_Unique,Tenant_Company_Branch_Scope,Concurrency,Audit,Lifecycle,Migration,Authority_ID,Source_Ref,Test_ID,Evidence_ID,Owner,Reviewer,Status,Closure_Reason
W1-P2C01-001,P2-C01-WAYBILL-SHIPPING-2026-08,Waybill,الزبون التشغيلي,OperationalParty,CONTRACT_ONLY,Id:uuid;PartyNo:string;Name:string;Mobile:string;IdentityType:string?;IdentityNo:string?;CountryId:uuid?;GovernorateId:uuid?;CityId:uuid?;AreaId:uuid?;Address:text?;Status:enum;RowVersion:bytes,Id,CountryId->Geo;GovernorateId->Geo;CityId->Geo;AreaId->Geo,UX(CompanyId PartyNo);IX(CompanyId Mobile);IX(IdentityNo),Company required;Branch optional for ownership,RowVersion optimistic concurrency,create/update/disable and sensitive identity access,ACTIVE->INACTIVE,New P2 table after physical approval,P2-C01-OWNER-20260820,KARRASA-WAYBILL-V1.1,T-P2C01-W1-001,EVID-P2C01-W1-001,TransportERP Product Owner,Independent Architecture Review,READY_FOR_REVIEW,Operational customer is not automatically an accounting account
W1-P2C01-002,P2-C01-WAYBILL-SHIPPING-2026-08,Waybill,رأس البوليصة,Waybill,CONTRACT_ONLY,Id:uuid;WaybillNo:string?;DraftNo:string;CompanyId:uuid;BranchId:uuid;ServicePointId:uuid?;AgentId:uuid?;WaybillDateTime:datetime;RequestDateTime:datetime?;ExpectedArrivalAt:datetime?;ServiceType:string;Priority:enum;OriginId:uuid;DestinationId:uuid;CurrencyId:uuid;ExchangeRate:decimal;FreightTotal:decimal;DiscountTotal:decimal;NetAmount:decimal;OperationalStatus:enum;FinancialStatus:enum;RowVersion:bytes,Id,CompanyId->P1 Company;BranchId->P1 Branch;CurrencyId->P1 Currency;OriginId->Geo;DestinationId->Geo,UX(CompanyId BranchId WaybillNo where WaybillNo not null);UX(CompanyId DraftNo);IX(OperationalStatus);IX(FinancialStatus),Company and branch required,RowVersion;approval serialized by numbering operation,create/update/submit/approve/cancel/status/financial changes,DRAFT->READY_FOR_APPROVAL->APPROVED->OPERATIONAL_COMPLETE;financial status independent,New P2 table after physical approval,P2-C01-OWNER-20260820,KARRASA-WAYBILL-V1.1,T-P2C01-W1-002,EVID-P2C01-W1-002,TransportERP Product Owner,Independent Architecture Review,READY_FOR_REVIEW,Official number is null until server approval
W1-P2C01-003,P2-C01-WAYBILL-SHIPPING-2026-08,Waybill,أطراف البوليصة,WaybillParty,CONTRACT_ONLY,Id:uuid;WaybillId:uuid;Role:enum SENDER|RECEIVER|PAYER;OperationalPartyId:uuid?;NameSnapshot:string;MobileSnapshot:string;IdentitySnapshot:string?;AddressSnapshot:text?,Id,WaybillId->Waybill;OperationalPartyId->OperationalParty,UX(WaybillId Role sequence);IX(OperationalPartyId),inherits Waybill scope,controlled by Waybill RowVersion,party assignment and snapshot changes,ACTIVE while Waybill active,New child table,P2-C01-OWNER-20260820,KARRASA-WAYBILL-V1.1,T-P2C01-W1-003,EVID-P2C01-W1-003,TransportERP Product Owner,Independent Architecture Review,READY_FOR_REVIEW,Sender receiver payer roles are explicit
W1-P2C01-004,P2-C01-WAYBILL-SHIPPING-2026-08,Waybill,صنف البوليصة,WaybillItem,CONTRACT_ONLY,Id:uuid;WaybillId:uuid;LineNo:int;ItemCode:string?;ItemType:string;Contents:text;Quantity:decimal;Pieces:int?;Weight:decimal?;Length:decimal?;Width:decimal?;Height:decimal?;Volume:decimal?;VolumetricWeight:decimal?;ChargeableWeight:decimal?;DeclaredValue:decimal?;PurchaseValue:decimal?;InsuredValue:decimal?;OriginCountryId:uuid?;ItemFreight:decimal?;RiskFlags:json;Notes:text?;RowVersion:bytes,Id,WaybillId->Waybill;OriginCountryId->Geo,UX(WaybillId LineNo);IX(ItemType),inherits Waybill scope,RowVersion;quantity ledger validation,item add/edit before approval;post-approval only controlled corrections,ACTIVE->CANCELLED/EXCEPTION,New child table,P2-C01-OWNER-20260820,KARRASA-WAYBILL-V1.1,T-P2C01-W1-004,EVID-P2C01-W1-004,TransportERP Product Owner,Independent Architecture Review,READY_FOR_REVIEW,Quantity must remain explainable by movement ledger
W1-P2C01-005,P2-C01-WAYBILL-SHIPPING-2026-08,Waybill,الطرد أو القطعة,WaybillPackage,CONTRACT_ONLY,Id:uuid;WaybillItemId:uuid;PackageNo:string;Barcode:string;Quantity:decimal;Weight:decimal?;Status:enum;CurrentLocationId:uuid?,Id,WaybillItemId->WaybillItem;CurrentLocationId->Geo,UX(CompanyId Barcode);IX(WaybillItemId Status),inherits Waybill scope,RowVersion where mutable,package create/label/status/location changes,CREATED->IN_TRANSIT->ARRIVED->DELIVERED/EXCEPTION,New optional tracking table,P2-C01-OWNER-20260820,KARRASA-WAYBILL-V1.1,T-P2C01-W1-005,EVID-P2C01-W1-005,TransportERP Product Owner,Independent Architecture Review,READY_FOR_REVIEW,Package tracking is optional per service policy
W1-P2C01-006,P2-C01-WAYBILL-SHIPPING-2026-08,Waybill,مرفق البوليصة,WaybillAttachment,CONTRACT_ONLY,Id:uuid;WaybillId:uuid;ItemId:uuid?;OwnerType:string;AttachmentType:string;StorageRef:string;ContentHash:string;AddedBy:uuid;AddedAt:datetime;Status:enum,Id,WaybillId->Waybill;ItemId->WaybillItem,IX(WaybillId AttachmentType);IX(ContentHash),inherits Waybill scope,append metadata;replacement creates new record,add/view/retire access audited,ACTIVE->RETIRED,New P2 metadata table;binary storage external,P2-C01-OWNER-20260820,KARRASA-WAYBILL-V1.1,T-P2C01-W1-006,EVID-P2C01-W1-006,TransportERP Product Owner,Independent Architecture Review,READY_FOR_REVIEW,Identity/POD attachments require sensitive permission
W1-P2C01-007,P2-C01-WAYBILL-SHIPPING-2026-08,Collections,خطة دفع البوليصة,PaymentPlanLine,CONTRACT_ONLY,Id:uuid;WaybillId:uuid;LineNo:int;PayerRole:enum;PartyId:uuid?;PaymentMethodCode:string;Amount:decimal?;Percent:decimal?;DueTrigger:enum;DueAt:datetime?;Status:enum,Id,WaybillId->Waybill;PartyId->OperationalParty,UX(WaybillId LineNo),inherits Waybill scope,Waybill RowVersion;plan version,create/update plan audited,DRAFT->ACTIVE->SATISFIED/CANCELLED,New P2 child table,P2-C01-OWNER-20260820,KARRASA-WAYBILL-V1.1,T-P2C01-W1-007,EVID-P2C01-W1-007,TransportERP Product Owner,Independent Architecture Review,READY_FOR_REVIEW,Plan supports sender receiver split and mixed methods
W1-P2C01-008,P2-C01-WAYBILL-SHIPPING-2026-08,Collections,تحصيل البوليصة,CollectionTransaction,CONTRACT_ONLY,Id:uuid;WaybillId:uuid;PayerRole:string;PartyId:uuid?;PaymentMethodCode:string;CurrencyId:uuid;ExchangeRate:decimal;Amount:decimal;CollectedByType:string;CollectedById:uuid;BranchId:uuid;CollectedAt:datetime;ClientOperationId:string;Status:enum;AccountingReferenceId:uuid?;ReversalOfId:uuid?,Id,WaybillId->Waybill;CurrencyId->P1 Currency;BranchId->P1 Branch;AccountingReferenceId->P1 Voucher/Journal,UX(CompanyId ClientOperationId);IX(WaybillId Status);IX(CollectedById CollectedAt),Company and branch enforced,immutable accepted transaction;reversal separate,idempotency outcome and reversal audited,PENDING->ACCEPTED->REVERSED,New P2 ledger linked to P1 finance,P2-C01-OWNER-20260820,KARRASA-WAYBILL-V1.1,T-P2C01-W1-008,EVID-P2C01-W1-008,TransportERP Product Owner,Independent Architecture Review,READY_FOR_REVIEW,FinancialStatus derived from accepted net collections
W1-P2C01-009,P2-C01-WAYBILL-SHIPPING-2026-08,Shipping,إطلاق كمية صنف,ItemRelease,CONTRACT_ONLY,Id:uuid;WaybillItemId:uuid;Quantity:decimal;ReleasedAt:datetime;ReleasedBy:uuid;Status:enum;ReversalOfId:uuid?,Id,WaybillItemId->WaybillItem,IX(WaybillItemId Status),inherits Waybill scope,serialized quantity check,release/reverse audited,ACTIVE->REVERSED,New P2 quantity ledger,P2-C01-OWNER-20260820,KARRASA-WAYBILL-V1.1,T-P2C01-W1-009,EVID-P2C01-W1-009,TransportERP Product Owner,Independent Architecture Review,READY_FOR_REVIEW,Released net quantity cannot exceed original quantity
W1-P2C01-010,P2-C01-WAYBILL-SHIPPING-2026-08,Transport,الرحلة,Trip,CONTRACT_ONLY,Id:uuid;CompanyId:uuid;BranchId:uuid;TripNo:string;VehicleId:uuid;DriverId:uuid;OriginId:uuid;DestinationId:uuid;PlannedDepartAt:datetime;ActualDepartAt:datetime?;ActualArriveAt:datetime?;Status:enum;RowVersion:bytes,Id,CompanyId->P1 Company;BranchId->P1 Branch;OriginId->Geo;DestinationId->Geo,UX(CompanyId TripNo);IX(DriverId Status);IX(VehicleId Status),Company and operating branch required,RowVersion;start/close serialized,create/assign/start/arrive/close audited,DRAFT->READY->DEPARTED->ARRIVED->CLOSED/CANCELLED,New P2 table; Fleet references contract only,P2-C01-OWNER-20260820,KARRASA-WAYBILL-V1.1,T-P2C01-W1-010,EVID-P2C01-W1-010,TransportERP Product Owner,Independent Architecture Review,READY_FOR_REVIEW,Vehicle and Driver are references until Fleet domain implementation
W1-P2C01-011,P2-C01-WAYBILL-SHIPPING-2026-08,Transport,محطة الرحلة,TripStop,CONTRACT_ONLY,Id:uuid;TripId:uuid;StopNo:int;LocationId:uuid;StopType:enum;PlannedAt:datetime?;ArrivedAt:datetime?;DepartedAt:datetime?;Status:enum,Id,TripId->Trip;LocationId->Geo,UX(TripId StopNo);IX(LocationId Status),inherits Trip scope,Trip RowVersion,arrival/departure audited,PLANNED->ARRIVED->DEPARTED/SKIPPED,New P2 child table,P2-C01-OWNER-20260820,KARRASA-WAYBILL-V1.1,T-P2C01-W1-011,EVID-P2C01-W1-011,TransportERP Product Owner,Independent Architecture Review,READY_FOR_REVIEW,Supports multi-stop transit
W1-P2C01-012,P2-C01-WAYBILL-SHIPPING-2026-08,Shipping,تخصيص صنف لرحلة,TripAllocation,CONTRACT_ONLY,Id:uuid;WaybillItemId:uuid;ReleaseId:uuid;TripId:uuid;Quantity:decimal;AllocatedAt:datetime;Status:enum;ReversalOfId:uuid?,Id,WaybillItemId->WaybillItem;ReleaseId->ItemRelease;TripId->Trip,IX(WaybillItemId Status);IX(TripId Status),inherits Waybill and Trip compatible company,serialized quantity check,allocate/unallocate audited,ALLOCATED->LOADED/REVERSED,New P2 quantity ledger,P2-C01-OWNER-20260820,KARRASA-WAYBILL-V1.1,T-P2C01-W1-012,EVID-P2C01-W1-012,TransportERP Product Owner,Independent Architecture Review,READY_FOR_REVIEW,Allocation net cannot exceed released remaining
W1-P2C01-013,P2-C01-WAYBILL-SHIPPING-2026-08,Transport,كشف الحمولة,Manifest,CONTRACT_ONLY,Id:uuid;TripId:uuid;ManifestNo:string;CreatedAt:datetime;HandoverAt:datetime?;DriverAcceptedAt:datetime?;Status:enum;RowVersion:bytes,Id,TripId->Trip,UX(TripId ManifestNo);IX(Status),inherits Trip scope,RowVersion,create/finalize/handover/accept audited,DRAFT->FINALIZED->HANDED_OVER->ACCEPTED->CLOSED,New P2 table,P2-C01-OWNER-20260820,KARRASA-WAYBILL-V1.1,T-P2C01-W1-013,EVID-P2C01-W1-013,TransportERP Product Owner,Independent Architecture Review,READY_FOR_REVIEW,Manifest is source for actual trip load and commissions
W1-P2C01-014,P2-C01-WAYBILL-SHIPPING-2026-08,Transport,سطر كشف الحمولة,ManifestLine,CONTRACT_ONLY,Id:uuid;ManifestId:uuid;AllocationId:uuid;WaybillId:uuid;WaybillItemId:uuid;Quantity:decimal;Weight:decimal?;Volume:decimal?;LoadStatus:enum,Id,ManifestId->Manifest;AllocationId->TripAllocation;WaybillId->Waybill;WaybillItemId->WaybillItem,IX(ManifestId);IX(WaybillId),inherits Manifest scope,manifest RowVersion and quantity check,line add/load/unload audited,PLANNED->LOADED->UNLOADED/CANCELLED,New P2 child table,P2-C01-OWNER-20260820,KARRASA-WAYBILL-V1.1,T-P2C01-W1-014,EVID-P2C01-W1-014,TransportERP Product Owner,Independent Architecture Review,READY_FOR_REVIEW,Loaded quantity cannot exceed allocation remaining
W1-P2C01-015,P2-C01-WAYBILL-SHIPPING-2026-08,Tracking,سجل الحركة,MovementEvent,CONTRACT_ONLY,Id:uuid;WaybillId:uuid;WaybillItemId:uuid?;PackageId:uuid?;EventType:enum;Quantity:decimal?;TripId:uuid?;ManifestId:uuid?;FromLocationId:uuid?;ToLocationId:uuid?;OccurredAt:datetime;RecordedAt:datetime;RecordedBy:uuid;ReasonCode:string?;ReversesEventId:uuid?;ClientOperationId:string?,Id,WaybillId->Waybill;WaybillItemId->WaybillItem;PackageId->WaybillPackage;TripId->Trip;ManifestId->Manifest;ReversesEventId->MovementEvent,UX(CompanyId ClientOperationId where not null);IX(WaybillId OccurredAt);IX(WaybillItemId OccurredAt),inherits Waybill scope,append-only;no update/delete,append and reversal audited by hash/correlation,APPEND_ONLY,New P2 append-only table inspired by P1 Audit pattern,P2-C01-OWNER-20260820,KARRASA-WAYBILL-V1.1,T-P2C01-W1-015,EVID-P2C01-W1-015,TransportERP Product Owner,Independent Architecture Review,READY_FOR_REVIEW,State must be reconstructable from ledger events
W1-P2C01-016,P2-C01-WAYBILL-SHIPPING-2026-08,Arrival,استلام الوصول,ArrivalReceipt,CONTRACT_ONLY,Id:uuid;TripId:uuid;ManifestId:uuid;LocationId:uuid;ReceivedAt:datetime;ReceivedBy:uuid;Status:enum;RowVersion:bytes,Id,TripId->Trip;ManifestId->Manifest;LocationId->Geo,IX(TripId LocationId);IX(Status),receiving branch/location scope,RowVersion,receipt open/finalize audited,DRAFT->FINALIZED,New P2 table,P2-C01-OWNER-20260820,KARRASA-WAYBILL-V1.1,T-P2C01-W1-016,EVID-P2C01-W1-016,TransportERP Product Owner,Independent Architecture Review,READY_FOR_REVIEW,Supports transit and destination receipts
W1-P2C01-017,P2-C01-WAYBILL-SHIPPING-2026-08,Arrival,تفاصيل الوصول,ArrivalReceiptLine,CONTRACT_ONLY,Id:uuid;ArrivalReceiptId:uuid;ManifestLineId:uuid;WaybillItemId:uuid;ExpectedQty:decimal;ActualQty:decimal;DifferenceType:enum;DamageQty:decimal;Notes:text?,Id,ArrivalReceiptId->ArrivalReceipt;ManifestLineId->ManifestLine;WaybillItemId->WaybillItem,IX(ArrivalReceiptId);IX(WaybillItemId DifferenceType),inherits receipt scope,receipt RowVersion,expected/actual/difference evidence audited,RECORDED->FINALIZED,New P2 child table,P2-C01-OWNER-20260820,KARRASA-WAYBILL-V1.1,T-P2C01-W1-017,EVID-P2C01-W1-017,TransportERP Product Owner,Independent Architecture Review,READY_FOR_REVIEW,Partial arrival does not mark full waybill arrival
W1-P2C01-018,P2-C01-WAYBILL-SHIPPING-2026-08,Warehouse,رصيد الترانزيت أو المخزن,WarehouseHolding,CONTRACT_ONLY,Id:uuid;WaybillItemId:uuid;PackageId:uuid?;LocationId:uuid;Quantity:decimal;HoldingType:enum TRANSIT|DESTINATION;Status:enum;UpdatedAt:datetime;RowVersion:bytes,Id,WaybillItemId->WaybillItem;PackageId->WaybillPackage;LocationId->Geo,IX(LocationId Status);IX(WaybillItemId),location and branch scope,RowVersion;balance change serialized,receive/release/adjust controlled events,AVAILABLE->RESERVED->RELEASED/EXCEPTION,New P2 projection/balance table after W1 physical review,P2-C01-OWNER-20260820,KARRASA-WAYBILL-V1.1,T-P2C01-W1-018,EVID-P2C01-W1-018,TransportERP Product Owner,Independent Architecture Review,READY_FOR_REVIEW,Authoritative movements remain MovementEvent ledger
W1-P2C01-019,P2-C01-WAYBILL-SHIPPING-2026-08,Delivery,عملية التسليم,Delivery,CONTRACT_ONLY,Id:uuid;WaybillId:uuid;LocationId:uuid;RecipientName:string;IdentityType:string?;IdentityNo:string?;DeliveredAt:datetime;DeliveredBy:uuid;ProofType:string;Status:enum;ClientOperationId:string?;RowVersion:bytes,Id,WaybillId->Waybill;LocationId->Geo,UX(CompanyId ClientOperationId where not null);IX(WaybillId Status),delivery location/branch scope,RowVersion;completion idempotent,create/complete/fail audited,DRAFT->PARTIAL/COMPLETED/FAILED,New P2 table,P2-C01-OWNER-20260820,KARRASA-WAYBILL-V1.1,T-P2C01-W1-019,EVID-P2C01-W1-019,TransportERP Product Owner,Independent Architecture Review,READY_FOR_REVIEW,Operational delivery is independent from financial close
W1-P2C01-020,P2-C01-WAYBILL-SHIPPING-2026-08,Delivery,تفاصيل التسليم,DeliveryLine,CONTRACT_ONLY,Id:uuid;DeliveryId:uuid;WaybillItemId:uuid;PackageId:uuid?;Quantity:decimal;Status:enum,Id,DeliveryId->Delivery;WaybillItemId->WaybillItem;PackageId->WaybillPackage,IX(DeliveryId);IX(WaybillItemId),inherits delivery scope,delivery RowVersion,quantity delivery audited,DELIVERED/REVERSED_BY_CONTROLLED_RETURN,New P2 child table,P2-C01-OWNER-20260820,KARRASA-WAYBILL-V1.1,T-P2C01-W1-020,EVID-P2C01-W1-020,TransportERP Product Owner,Independent Architecture Review,READY_FOR_REVIEW,Cannot deliver quantity not available at location
W1-P2C01-021,P2-C01-WAYBILL-SHIPPING-2026-08,Customs,متطلب جمركي,CustomsRequirement,CONTRACT_ONLY,Id:uuid;WaybillId:uuid;WaybillItemId:uuid?;RequirementType:string;OriginCountryId:uuid?;InvoiceNo:string?;DeclaredCustomsValue:decimal?;HsCode:string?;PermitReference:string?;Status:enum;HoldReason:string?;RowVersion:bytes,Id,WaybillId->Waybill;WaybillItemId->WaybillItem;OriginCountryId->Geo,IX(WaybillId Status);IX(WaybillItemId Status),inherits Waybill scope,RowVersion,status/docs changes audited,REQUIRED->DOCUMENTS_PENDING->READY->INSPECTION->RELEASED/HELD/REJECTED,New P2 readiness table; full customs domain later,P2-C01-OWNER-20260820,KARRASA-WAYBILL-V1.1,T-P2C01-W1-021,EVID-P2C01-W1-021,TransportERP Product Owner,Independent Architecture Review,READY_FOR_REVIEW,Waybill stores readiness; full clearance stays CUS boundary
W1-P2C01-022,P2-C01-WAYBILL-SHIPPING-2026-08,Commissions,استحقاق عمولة,CommissionAccrual,CONTRACT_ONLY,Id:uuid;BeneficiaryType:enum DRIVER|VEHICLE_OWNER|AGENT|BRANCH;BeneficiaryId:uuid;SourceType:enum TRIP|MANIFEST|WAYBILL|COLLECTION|DELIVERY;SourceId:uuid;RuleCode:string;RuleSnapshot:json;BaseAmount:decimal;Amount:decimal;CurrencyId:uuid;Status:enum;CreatedAt:datetime;SettledAt:datetime?,Id,CurrencyId->P1 Currency,UX(BeneficiaryType BeneficiaryId SourceType SourceId RuleCode);IX(Status),company scope from source,immutable accrual after creation;settlement version,accrual/settlement/reversal audited,ACCRUED->APPROVED->SETTLED/REVERSED,New P2 table linked to finance,P2-C01-OWNER-20260820,KARRASA-WAYBILL-V1.1,T-P2C01-W1-022,EVID-P2C01-W1-022,TransportERP Product Owner,Independent Architecture Review,READY_FOR_REVIEW,Driver and vehicle commission basis is actual Trip/Manifest not full Waybill
W1-P2C01-023,P2-C01-WAYBILL-SHIPPING-2026-08,Finance,رابط مالي للبوليصة,FinancialLink,CONTRACT_ONLY,Id:uuid;WaybillId:uuid;DocumentType:string;DocumentId:uuid;Amount:decimal;CurrencyId:uuid;LinkType:string;Status:enum;CreatedAt:datetime,Id,WaybillId->Waybill;CurrencyId->P1 Currency,UX(WaybillId DocumentType DocumentId LinkType);IX(DocumentId),inherits Waybill company/branch,append-only link,link/unlink via reversal audited,ACTIVE->REVERSED,New P2 cross-reference table,P2-C01-OWNER-20260820,KARRASA-WAYBILL-V1.1,T-P2C01-W1-023,EVID-P2C01-W1-023,TransportERP Product Owner,Independent Architecture Review,READY_FOR_REVIEW,No duplicate revenue on re-dispatch
W1-P2C01-024,P2-C01-WAYBILL-SHIPPING-2026-08,Numbering,تسلسل وترقيم البوليصة,NumberSequence,CONTRACT_ONLY,Id:uuid;CompanyId:uuid;BranchId:uuid?;DocumentType:string;Prefix:string?;NextValue:ulong;ResetPolicy:string;Status:enum;RowVersion:bytes,Id,CompanyId->P1 Company;BranchId->P1 Branch,UX(CompanyId BranchId DocumentType);IX(Status),company/branch sequence scope,serialized/atomic reservation,sequence reservation and void audited,ACTIVE->INACTIVE,New P2 numbering storage after physical review,P2-C01-OWNER-20260820,KARRASA-WAYBILL-V1.1,T-P2C01-W1-024,EVID-P2C01-W1-024,TransportERP Product Owner,Independent Architecture Review,READY_FOR_REVIEW,Official number issued only after approval commit
W1-P2C01-025,P2-C01-WAYBILL-SHIPPING-2026-08,Exceptions,استثناء أو مطالبة شحنة,ShipmentException,CONTRACT_ONLY,Id:uuid;WaybillId:uuid;WaybillItemId:uuid?;PackageId:uuid?;ExceptionType:enum SHORTAGE|DAMAGE|LOSS|DELAY|OTHER;Quantity:decimal?;LocationId:uuid?;TripId:uuid?;OpenedAt:datetime;OpenedBy:uuid;Status:enum;EvidenceAttachmentId:uuid?;Resolution:text?;RowVersion:bytes,Id,WaybillId->Waybill;WaybillItemId->WaybillItem;PackageId->WaybillPackage;TripId->Trip;EvidenceAttachmentId->WaybillAttachment,IX(WaybillId Status);IX(ExceptionType Status),inherits Waybill scope,RowVersion,open/update/resolve audited,OPEN->INVESTIGATING->RESOLVED/CLOSED,New P2 table,P2-C01-OWNER-20260820,KARRASA-WAYBILL-V1.1,T-P2C01-W1-025,EVID-P2C01-W1-025,TransportERP Product Owner,Independent Architecture Review,READY_FOR_REVIEW,Exceptions never delete movement history
W1-P2C01-026,P2-C01-WAYBILL-SHIPPING-2026-08,Controls,حجز أو إيقاف البوليصة,WaybillHold,CONTRACT_ONLY,Id:uuid;WaybillId:uuid;HoldType:string;Reason:string;PlacedAt:datetime;PlacedBy:uuid;ReleasedAt:datetime?;ReleasedBy:uuid?;Status:enum;RowVersion:bytes,Id,WaybillId->Waybill,IX(WaybillId Status),inherits Waybill scope,RowVersion,place/release hold audited,ACTIVE->RELEASED,New P2 table,P2-C01-OWNER-20260820,KARRASA-WAYBILL-V1.1,T-P2C01-W1-026,EVID-P2C01-W1-026,TransportERP Product Owner,Independent Architecture Review,READY_FOR_REVIEW,Hold blocks actions according to hold type policy
W1-P2C01-027,P2-C01-WAYBILL-SHIPPING-2026-08,Finance,تسوية الرحلة,TripSettlement,CONTRACT_ONLY,Id:uuid;TripId:uuid;CurrencyId:uuid;RevenueAttributed:decimal;DriverAccrual:decimal;VehicleAccrual:decimal;OtherCost:decimal;Status:enum;PreparedAt:datetime;ApprovedAt:datetime?;PostedReferenceId:uuid?;RowVersion:bytes,Id,TripId->Trip;CurrencyId->P1 Currency;PostedReferenceId->P1 Journal,UX(TripId);IX(Status),inherits Trip scope,RowVersion;post idempotent,prepare/approve/post/reverse audited,DRAFT->APPROVED->POSTED/REVERSED,New P2 table linked to P1 accounting,P2-C01-OWNER-20260820,KARRASA-WAYBILL-V1.1,T-P2C01-W1-027,EVID-P2C01-W1-027,TransportERP Product Owner,Independent Architecture Review,READY_FOR_REVIEW,Trip costs and commissions settle from actual manifest execution
